RazaoSocial;UF;total_despesas;media_trimestral;desvio_padrao;qtd_registros
BRADESCO SAÚDE S.A.;RJ;73671904069.10;24557301356.37;10580282605.61;3
UNIMED DE CIANORTE - COOPERATIVA DE TRABALHO MEDICO;PR;42838980871.64;14279660290.55;17917798.62;3
AMIL ASSISTÊNCIA MÉDICA INTERNACIONAL S.A.;SP;39748094524.43;13249364841.48;5767199607.32;3
SUL AMERICA COMPANHIA DE SEGURO SAÚDE;RJ;39657416628.34;13219138876.11;5712261088.80;3
UNIMED NACIONAL - COOPERATIVA CENTRAL;SP;18441961302.09;6147320434.03;2668574178.85;3
NOTRE DAME INTERMÉDICA SAÚDE S.A.;SP;16904138051.09;5634712683.70;2514604250.26;3
HAPVIDA ASSISTENCIA MEDICA S.A.;CE;16778080212.33;5592693404.11;2453529854.72;3
UNIMED FRANCISCO BELTRAO COOPERATIVA DE TRABALHO MEDICO;PR;15344410166.40;5114803388.80;2217159855.93;3
CAIXA DE ASSISTÊNCIA DOS FUNCIONÁRIOS DO BANCO DO BRASIL;DF;13418457026.73;4472819008.91;1937422260.94;3
UNIMED BELO HORIZONTE COOPERATIVA DE TRABALHO MÉDICO;MG;10814932354.90;3604977451.63;1547724502.70;3
PORTO SEGURO - SEGURO SAÚDE S/A;SP;9452977010.21;3150992336.74;1402042070.89;3
UNIMED DO EST. DO RJ FEDERAÇÃO EST. DAS COOPERATIVAS MÉDICAS;RJ;9178614104.14;3059538034.71;1057174808.00;3
BRADESCO SAÚDE - OPERADORA DE PLANOS  S/A;SP;8973642500.92;2991214166.97;1305067330.03;3
UNIMED SEGUROS SAÚDE S/A;SP;8967717413.20;2989239137.73;1320493295.39;3
PREVENT SENIOR PRIVATE OPERADORA DE SAÚDE LTDA;SP;8788157075.17;2929385691.72;1234722851.02;3
GEAP AUTOGESTÃO EM SAÚDE;DF;8770428312.58;2923476104.19;1314654942.25;3
ASSOCIAÇÃO PETROBRAS DE SAÚDE - APS;RJ;8157221956.87;2719073985.62;1200220373.71;3
UNIMED PORTO ALEGRE - COOPERATIVA MÉDICA LTDA.;RS;7854751516.25;2618250505.42;1134832956.34;3
SUL AMÉRICA PARANÁ CLÍNICAS SERVIÇOS DE SAÚDE S.A.;SP;7483293551.64;2494431183.88;1108213402.36;3
UNIMED CURITIBA - SOCIEDADE COOPERATIVA DE MÉDICOS;PR;7292114326.35;2430704775.45;1060168067.82;3
UNIMED CAMPINAS - COOPERATIVA DE TRABALHO MÉDICO;SP;5785598403.32;1928532801.11;829402673.17;3
UNIMED DE FORTALEZA SOCIEDADE COOPERATIVA MÉDICA LTDA.;CE;4954171201.79;1651390400.60;705272191.81;3
UNIMED GOIANIA COOPERATIVA DE TRABALHO MÉDICO;GO;4743002504.83;1581000834.94;660651214.34;3
FUNDAÇÃO SAÚDE ITAÚ;MG;3817544386.81;1272514795.60;550111146.62;3
OMINT SERVIÇOS DE SAÚDE S.A.;SP;3656967732.85;1218989244.28;543606403.50;3
UNIMED VITORIA COOPERATIVA DE TRABALHO MEDICO;ES;3581860624.39;1193953541.46;521620212.06;3
GRUPO HOSPITALAR DO RIO DE JANEIRO LTDA;RJ;3562154667.63;1187384889.21;503823045.44;3
UNIMED RECIFE COOPERATIVA DE TRABALHO MÉDICO;PE;3512616366.29;1170872122.10;501326452.00;3
POSTAL SAÚDE CAIXA DE ASSISTÊNCIA E SAÚDE DOS EMPREGADOS DOS CORREIOS;DF;3440131213.13;1146710404.38;484057088.25;3
CARE PLUS MEDICINA ASSISTENCIAL LTDA.;SP;3256505345.29;1085501781.76;486013975.79;3
UNIMED DO ESTADO DE SÃO PAULO - FEDERAÇÃO ESTADUAL DAS COOP. MÉDICAS;SP;3195946688.56;1065315562.85;463106097.51;3
UNIMED GRANDE FLORIANÓPOLIS-COOPERATIVA DE TRABALHO MEDICO;SC;3126585000.10;1042195000.03;455722095.34;3
SERV  SOCIAL AUTÔNOMO DE ASSIST À SAÚDE DOS SERV PÚBLICOS E MILITARES DE GOIÁS;GO;3120403328.11;1560201664.06;332389004.34;2
UNIMED SAO JOSÉ DO RIO PRETO - COOP. DE TRABALHO MÉDICO;SP;2798218746.50;932739582.17;398843986.24;3
FUNDAÇÃO CESP;SP;2752578398.67;917526132.89;404470536.38;3
UNIMED BELÉM COOPERATIVA DE TRABALHO MÉDICO;PA;2677732692.29;892577564.10;370075577.76;3
UNIMED CUIABA COOPERATIVA DE TRABALHO MÉDICO;MT;2547116419.65;849038806.55;349491397.81;3
MEDISERVICE OPERADORA DE PLANOS DE SAÚDE S.A.;SP;2376365566.43;792121855.48;360874421.43;3
SAMEDIL SERVIÇOS DE ATENDIMENTO MÉDICO S/A;ES;2281170899.68;760390299.89;350654812.99;3
FUNDAÇÃO ASSISTENCIAL DOS SERVIDORES DO MINISTÉRIO DA FAZENDA;DF;2264097859.21;754699286.40;290822993.48;3
UNIMED DE LONDRINA COOPERATIVA DE TRABALHO MÉDICO;PR;2142754722.46;714251574.15;305405416.11;3
CAIXA BENEFICENTE DOS FUNCIONARIOS DO BANCO DO ESTADO DE SÃO PAULO;SP;2054715664.97;684905221.66;299866877.83;3
UNIMED NATAL SOC. COOP. DE TRAB. MÉDICO;RN;1922543880.27;640847960.09;279945144.05;3
UNIMED CAMPO GRANDE MS COOPERATIVA DE TRABALHO MÉDICO;MS;1875985180.41;625328393.47;267416758.66;3
UNIMED REGIONAL MARINGÁ COOP.DE TRABALHO MÉDICO;PR;1843049362.97;614349787.66;267164498.15;3
UNIMED SERRA GAUCHA/RS COOPERATIVA DE ASSISTENCIA A SAUDE LTDA;RS;1839552657.94;613184219.31;266032323.49;3
NOTRE DAME INTERMÉDICA MINAS GERAIS SAÚDE S.A.;CE;1829366503.13;609788834.38;268549961.99;3
UNIMED DE RIBEIRAO PRETO - COOPERATIVA DE TRABALHO MÉDICO;SP;1827771690.19;609257230.06;263277316.40;3
UNIMED JOAO PESSOA - COOPERATIVA DE TRABALHO MÉDICO;PB;1785618270.58;595206090.19;253779633.60;3
UNIMED-SÃO GONÇALO - NITERÓI - SOC.COOP.SERV.MED E HOSP LTDA;RJ;1772083464.15;590694488.05;246778945.04;3
UNIMED SOROCABA COOPERATIVA DE TRABALHO MÉDICO;SP;1745559941.34;581853313.78;252518963.75;3
UNIMED UBERLÂNDIA COOPERATIVA REGIONAL TRABALHO MÉDICO LTDA;MG;1724617297.34;574872432.45;242884749.76;3
UNIMED DO ESTADO DO PARANÁ FEDERAÇÃO ESTADUAL DAS COOPERATIVAS MÉDICAS;PR;1712003630.89;570667876.96;246511692.34;3
UNIMED MACEIO COOPERATIVA DE TRABALHO MÉDICO;AL;1702712907.51;567570969.17;231492924.87;3
UNIMED DO ESTADO DE SANTA CATARINA FED. EST. DAS COOP. MÉD.;SC;1677843934.68;559281311.56;246804667.72;3
UNIMED DE SANTOS COOP DE TRAB MEDICO;SP;1611694643.63;537231547.88;231054725.36;3
HUMANA SAÚDE NORDESTE LTDA.;PI;1589461770.96;529820590.32;227400622.26;3
UNIMED BLUMENAU - COOPERATIVA DE TRABALHO MEDICO;SC;1541667049.17;513889016.39;227954155.26;3
UNIMED LITORAL COOPERATIVA DE TRABALHO MÉDICO LTDA;SC;1512027818.29;504009272.76;221758698.07;3
CAIXA DE ASSISTENCIA DOS SERVIDORES DO ESTADO DE MATO GROSSO DO SUL;MS;1416432005.61;472144001.87;195422684.69;3
UNIMED DE JOINVILLE COOPERATIVA DE TRABALHO MÉDICO;SC;1400284495.00;466761498.33;201292058.45;3
ODONTOPREV S/A;SP;1400002778.08;466667592.69;202430919.99;3
SANTA HELENA ASSISTÊNCIA MÉDICA S/A.;SP;1384531610.93;461510536.98;193766763.18;3
FUNDAÇÃO SÃO FRANCISCO XAVIER;MG;1376207627.65;458735875.88;199682169.49;3
UNIMED DE BAURU COOPERATIVA DE TRABALHO MÉDICO;SP;1361256514.60;453752171.53;192021033.82;3
UNIMED SAO JOSE DOS CAMPOS - COOPERATIVA DE TRABALHO MEDICO;SP;1317644950.81;439214983.60;184095721.22;3
UNIMED DE PIRACICABA SOCIEDADE COOPERATIVA DE SERVIÇOS MÉDICOS;SP;1312456575.33;437485525.11;184160746.02;3
UNIMED JUIZ DE FORA COOPERATIVA DE TRABALHO MÉDICO LTDA;MG;1289789725.85;429929908.62;182536070.92;3
SAMP ESPIRITO SANTO ASSISTENCIA MEDICA SA;ES;1280953066.78;426984355.59;181690096.91;3
CLINIPAM CLINICA PARANAENSE DE ASSISTENCIA MEDICA LTDA;CE;1276046611.80;425348870.60;187987467.17;3
UNIMED DIVINOPOLIS - COOPERATIVA DE TRABALHO MEDICO LTDA;MG;1262578513.81;420859504.60;191875556.86;3
UNIMED - COOPERATIVA DE SERVIÇOS DE SAÚDE DOS VALES DO TAQUARI E RIO PARDO LTDA.;RS;1226902744.09;408967581.36;176423620.40;3
GAMA SAUDE LTDA.;SP;1222402726.18;407467575.39;150769204.74;3
CENTRO TRASMONTANO DE SAO PAULO;SP;1204969704.83;401656568.28;171559893.58;3
UNIMED DE CASCAVEL COOPERATIVA DE TRABALHO MÉDICO;PR;1190244749.84;396748249.95;169193902.74;3
UNIMED SERGIPE - COOPERATIVA DE TRABALHO MÉDICO;SE;1088152888.22;362717629.41;149006494.34;3
ASSOCIAÇÃO DE BENEFICÊNCIA E FILANTROPIA SÃO CRISTOVÃO;SP;1041499999.59;347166666.53;144872818.53;3
CAIXA DE ASSISTÊNCIA DOS FUNCIONÁRIOS DO BANCO DO NORDESTE DO BRASIL;CE;1037606533.94;345868844.65;149511091.72;3
UNIMED DE MACAÉ COOPERATIVA DE ASSISTÊNCIA À SAÚDE;RJ;1029184438.57;343061479.52;150764103.58;3
CEMIG SAÚDE;MG;966542440.79;322180813.60;135910251.75;3
UNIMED VALE DO SINOS - COOPERATIVA DE ASSISTÊNCIA À SAÚDE LTDA;RS;930612364.29;310204121.43;136855137.34;3
UNIMED SÃO CARLOS - COOPERATIVA DE TRABALHO MÉDICO;SP;925522134.03;308507378.01;129771683.16;3
UNIMED DE SANTA BÁRBARA D'OESTE E AMERICANA - COOP DE TRABALHO MÉDICO;SP;908017839.35;302672613.12;128186771.33;3
UNIMED DE VOLTA REDONDA COOPERATIVA DE TRABALHO MÉDICO;RJ;903259473.09;301086491.03;128933221.97;3
SINDIFISCO NACIONAL - SINDICATO NACIONAL DOS AUDITORES-FISCAIS DA RECEITA FEDERAL DO BRASIL;DF;903060646.79;301020215.60;123972181.70;3
UNIMED DE PRESIDENTE PRUDENTE COOPERATIVA DE TRAB. MÉDICO;SP;879241155.94;293080385.31;132022312.63;3
UNIMED TERESINA - COOPERATIVA DE TRABALHO MÉDICO;PI;866290549.80;288763516.60;126761408.63;3
UNIMED NORTE DO MATO GROSSO COOPERATIVA DE TRABALHO MÉDICO;MT;865302190.06;288434063.35;125749376.54;3
PASA - PLANO DE ASSISTENCIA A SAUDE DO APOSENTADO DA VALE;RJ;864549007.94;288183002.65;122098548.34;3
ASSOCIAÇÃO SANTA CASA SAÚDE DE SÃO JOSÉ DOS CAMPOS;SP;825739975.51;275246658.50;118420322.47;3
UNIMED UBERABA COOPERATIVA DE TRABALHO MEDICO LTDA.;MG;821684513.16;273894837.72;115511795.79;3
UNIMED PONTA GROSSA COOPERATIVA DE TRABALHO MEDICO;PR;805700450.86;268566816.95;115297010.16;3
REAL GRANDEZA - FUNDAÇÃO DE PREVIDÊNCIA E ASSISTÊNCIA SOCIAL;RJ;774115822.22;258038607.41;114661469.31;3
UNIMED SUL CAPIXABA COOPERATIVA DE TRABALHO MÉDICO;ES;767673113.63;255891037.88;109117239.70;3
UNIMED NOVA FRIBURGO-SOC.COOP.SERV.MED.HOSP.LTDA.;RJ;761929243.18;253976414.39;106424834.27;3
PLANO HOSPITAL SAMARITANO LTDA;SP;759537714.58;253179238.19;106611514.86;3
UNIMED DE MARILIA COOPERATIVA DE TRABALHO MÉDICO;SP;752433227.61;250811075.87;108501794.86;3
UNIMED VALE DO SÃO FRANCISCO COOPERATIVA DE TRABALHO MÉDICO;PE;735416152.19;245138717.40;104836019.96;3
UNIMED DE ARARAQUARA - COOP. DE TRAB. MÉDICO;SP;730624174.77;243541391.59;102700177.90;3
UNIMED JUNDIAI - COOPERATIVA DE TRABALHO MÉDICO;SP;722296122.81;240765374.27;106672657.97;3
CENTRO CLÍNICO GAÚCHO LTDA;CE;708884978.01;236294992.67;102829890.71;3
INSTITUTO CURITIBA DE SAÚDE;PR;707986105.52;235995368.51;105519790.25;3
UNIMED DE CRICIÚMA COOPERATIVA DE TRABALHO MÉDICO DA REGIÃO CARBONÍFERA;SC;700408229.77;233469409.92;98306234.00;3
UNIMED CHAPECÓ - COOPERATIVA DE TRABALHO MÉDICO DA REGIÃO OESTE CATARINENSE;SC;687362495.69;229120831.90;100206142.86;3
COOPERATIVA CENTRAL UNIMED DE COOPERATIVAS DE ASSISTÊNCIA À SAÚDE DO RIO GRANDE DO SUL LTDA.;RS;684332607.07;228110869.02;98747344.51;3
UNIMED REGIONAL DA BAIXA MOGIANA - COOPERATIVA DE TRABALHO MÉDICO;SP;670080431.00;223360143.67;94461642.59;3
UNIMED CARUARU-COOPERATIVA DE TRABALHO MEDICO;PE;660632517.81;220210839.27;94581570.92;3
ALICE OPERADORA LTDA.;SP;654594677.14;218198225.71;107379198.06;3
UNIMED FRANCA - SOCIEDADE COOPERATIVA DE SERVIÇOS MÉDICOS E HOSPITALARES;SP;653638198.65;217879399.55;94402841.38;3
FUNDAÇÃO COPEL DE PREVIDÊNCIA E ASSISTÊNCIA SOCIAL;PR;644526621.73;214842207.24;91676519.66;3
UNIMED SANTA MARIA/RS - COOPERATIVA DE ASSISTÊNCIA À SAÚDE LTDA;RS;624312726.09;208104242.03;86327867.24;3
HUMANA SAÚDE LTDA.;PR;620485163.21;206828387.74;83444430.82;3
ECONOMUS INSTITUTO DE SEGURIDADE SOCIAL;SP;617324370.81;205774790.27;92516343.85;3
COOPERATIVA DE TRABALHO MÉDICO DE POUSO ALEGRE;MG;601181910.28;200393970.09;89464270.20;3
UNIMED NOVA IGUACU COOPERATIVA DE TRABALHO MEDICO;RJ;595709818.48;198569939.49;85114614.53;3
LEVE SAUDE OPERADORA DE PLANOS DE SAUDE S.A;RJ;594459371.24;198153123.75;92423838.16;3
UNIMED GOVERNADOR VALADARES COOP. DE TRABALHO MÉDICO LTDA.;MG;587713922.23;195904640.74;85796937.60;3
SOBAM CENTRO MÉDICO HOSPITALAR S.A.;SP;583271458.84;194423819.61;79335294.26;3
SAMEL PLANO DE SAÚDE LTDA;AM;576070572.51;192023524.17;82299203.69;3
METRUS INSTITUTO DE SEGURIDADE SOCIAL;SP;568346566.28;189448855.43;80630040.85;3
ASSOCIACAO DOS AUDITORES FISCAIS DA RECEITA ESTADUAL DE SAO PAULO;SP;566440988.67;188813662.89;82311962.89;3
UNIMED DO CEARÁ - FEDERAÇÃO DAS SOCIEDADES COOPERATIVAS MÉDICAS DO ESTADO DO CEARÁ LTDA.;CE;564303429.22;188101143.07;81636171.93;3
DOCTOR CLIN OPERADORA DE PLANOS DE SAÚDE LTDA.;RS;563202408.78;187734136.26;85784872.67;3
ASSOCIAÇÃO SANTA SAÚDE;SP;562059047.99;187353016.00;80494030.08;3
UNIMED DE ARACATUBA - COOPERATIVA DE TRABALHO MÉDICO;SP;559327360.62;186442453.54;76163024.80;3
CAIXA DE PREVIDÊNCIA E ASSISTÊNCIA DOS SERVIDORES DA FUNDAÇÃO NACIONAL DE SAÚDE - CAPESESP;RJ;551688903.62;183896301.21;74822510.57;3
QUALLITY PRÓ SAÚDE PLANO DE ASSISTÊNCIA MÉDICA LTDA.;DF;551587131.29;183862377.10;73797270.23;3
UNIMED PATOS DE MINAS COOPERATIVA TRABALHO MÉDICO LTDA.;MG;539079345.94;179693115.31;76392922.18;3
UNIMED SALTO/ITU - COOPERATIVA MÉDICA;SP;527328330.83;175776110.28;72480302.78;3
UNIMED DE CAMPOS COOPERATIVA DE TRABALHO MÉDICO;RJ;524011937.03;174670645.68;77087976.00;3
UNIMED RONDONOPOLIS COOPERATIVA DE TRABALHO MÉDICO LTDA;MT;518867034.50;172955678.17;73373161.21;3
BENSAUDE PLANO DE ASSISTENCIA MEDICA HOSPITALAR LTDA.;SP;516241595.69;172080531.90;71025511.39;3
FUNDAÇÃO CHESF DE ASSISTÊNCIA E SEGURIDADE SOCIAL;PE;515943021.65;171981007.22;81197019.29;3
UNIMED DE GUARULHOS COOPERATIVA DE TRABALHO MÉDICO;SP;509594031.18;169864677.06;74987728.32;3
UNIMED PORTO VELHO - SOCIEDADE COOPERATIVA MÉDICA LTDA;RO;508212467.15;169404155.72;72080131.70;3
H.B. SAÚDE S/A.;SP;504705313.32;168235104.44;71466073.48;3
ASSOCIAÇÃO DE SAÚDE PORTUGUESA DE BENEFICÊNCIA;SP;504677174.07;168225724.69;72072223.02;3
UNIMED CAMPINA GRANDE - COOPERATIVA DE TRABALHO MEDICO LTDA;PB;501411831.10;167137277.03;72036408.00;3
ITAUSEG SAÚDE S.A.;SP;500979057.33;166993019.11;69218285.20;3
UNIMED DE TUBARAO - COOPERATIVA DE TRABALHO MEDICO DA REGIAO DA AMUREL;SC;495757410.79;165252470.26;72941741.00;3
UNIMED AMPARO COOPERATIVA DE TRABALHO MÉDICO;SP;486250175.85;162083391.95;55640664.29;3
ASSOCIAÇÃO DE ASSISTÊNCIA À SAÚDE DOS EMPREGADOS DA COPASA;MG;475540723.72;158513574.57;66539362.30;3
AMPLA PLANOS DE SAUDE LTDA;RJ;474281905.32;237140952.66;54490048.73;2
UNIMED DE LIMEIRA COOPERATIVA DE TRABALHO MÉDICO;SP;471571275.26;157190425.09;67628567.74;3
CAIXA DE ASSISTÊNCIA DOS EMPREGADOS DO BANCO DO ESTADO DO RIO GRANDE DO SUL;RS;469159594.25;156386531.42;70529139.89;3
UNIMED RIO VERDE COOPERATIVA TRABALHO MEDICO;GO;468800397.80;156266799.27;84892273.11;3
ALVORECER - ASSOCIAÇÃO DE SOCORROS MÚTUOS;SP;465398684.48;155132894.83;63818373.85;3
PROMÉDICA - PROTEÇÃO MEDICA A EMPRESAS S.A.;BA;456661887.08;152220629.03;61585942.77;3
UNIMED CENTRO RONDÔNIA COOPERATIVA DE TRABALHO MÉDICO;RO;453284376.70;151094792.23;65955992.43;3
UNIMED DE DOURADOS COOPERATIVA DE TRABALHO MÉDICO LTDA;MS;449101699.80;149700566.60;72486842.97;3
SERVIÇO SOCIAL DA INDÚSTRIA DO PAPEL, PAPELÃO E CORTIÇA DO ESTADO DE SÃO PAULO - SEPACO;SP;448229393.58;149409797.86;65380600.73;3
CAIXA DE ASSISTÊNCIA À SAÚDE - CABERJ;RJ;446775438.93;148925146.31;63627575.42;3
UNIMED PLANALTO MÉDIO/RS - COOPERATIVA DE ASSISTÊNCIA À SAÚDE LTDA.;RS;446502909.64;148834303.21;63851447.82;3
UNIMED VALE DO SEPOTUBA - COOPERATIVA DE TRABALHO MÉDICO;MT;446478819.46;148826273.15;64614533.55;3
UNIMED COSTA OESTE - COOPERATIVA DE TRABALHO MÉDICO;PR;443522365.44;147840788.48;66479835.51;3
PLANO DE SAÚDE ANA COSTA LTDA.;SP;441806604.41;147268868.14;60466534.75;3
KLINI PLANOS DE SAÚDE LTDA;RJ;433143044.13;144381014.71;66955550.15;3
CIRCULO OPERARIO CAXIENSE;RS;429463961.84;143154653.95;61181102.56;3
UNIMED ANHANGUERA COOPERATIVA DE TRABALHO MÉDICO;SP;426929406.87;142309802.29;57792439.44;3
UNIMED LESTE PAULISTA COOPERATIVA DE TRABALHO MÉDICO;SP;425493863.51;141831287.84;58169887.81;3
AUSTACLINICAS ASSISTÊNCIA MÉDICA E HOSPITALAR LTDA;SP;423455440.50;141151813.50;59097152.76;3
INTEGRA ASSISTENCIA MEDICA SA;SP;416455711.72;138818570.57;45593603.73;3
UNIMED REGIONAL JAU - COOPERATIVA DE TRABALHO MÉDICO;SP;414728703.82;138242901.27;57772763.55;3
UNIMED DO SUDOESTE COOPERATIVA DE TRABALHO MEDICO LTDA;BA;414029160.29;138009720.10;55858701.63;3
2CARE OPERADORA DE SAÚDE LTDA.;SP;411890291.79;137296763.93;59300368.81;3
UNIMED PELOTAS/RS - COOPERATIVA DE ASSISTÊNCIA À SAÚDE LTDA.;RS;408392320.40;136130773.47;59967653.56;3
BIOVIDA SAÚDE LTDA.;SP;401604330.66;133868110.22;55712536.26;3
UNIMED DE BOTUCATU COOPERATIVA DE TRABALHO MÉDICO;SP;399227011.53;133075670.51;56162063.85;3
NOSSA SAÚDE - OPERADORA PLANOS PRIVADOS DE ASSISTÊNCIA  À SAÚDE LTDA.;PR;389668135.16;129889378.39;54418517.97;3
UNIMED DO CARIRI - SOCIEDADE COOPERATIVA MÉDICA LTDA;CE;389268468.92;129756156.31;54721106.80;3
UNIMED ANÁPOLIS COOPERATIVA DE TRABALHO MÉDICO.;GO;387261273.14;129087091.05;52719902.34;3
FUNDAÇÃO CELESC DE SEGURIDADE SOCIAL - CELOS;SC;385557001.50;128519000.50;57581082.44;3
ASSOCIAÇÃO DR. BARTHOLOMEU TACCHINI;RS;385500393.99;128500131.33;59136957.86;3
UNIMED DE BEBEDOURO COOPERATIVA DE TRABALHO MÉDICO;SP;383326004.15;127775334.72;55143204.54;3
ABERTTA SAÚDE - ASSOCIAÇÃO BENEFICENTE DOS EMPREGADOS DA ARCELORMITTAL NO BRASIL;MG;380890974.05;126963658.02;54558630.75;3
ASSOCIAÇÃO EVANGELICA BENEFICENTE DE LONDRINA;PR;374050199.85;124683399.95;56130353.89;3
UNIMED NOROESTE CAPIXABA COOPERATIVA DE TRABALHO MÉDICO.;ES;373825535.94;124608511.98;53530468.94;3
UNIMED NOROESTE/RS - SOCIEDADE COOPERATIVA DE ASSISTÊNCIA À SAÚDE LTDA.;RS;373351725.78;124450575.26;52636177.14;3
CAIXA DE ASSISTÊNCIA DOS EMPREGADOS DA EMPRESA BRASILEIRA DE PESQUISA  AGROPECUÁRIA;DF;362617173.43;120872391.14;54638104.71;3
UNIMED CENTRO OESTE PAULISTA - FEDERAÇÃO INTRAFEDERATIVA DAS COOPERATIVAS MÉDICAS;SP;359039455.81;119679818.60;51340472.99;3
UNIMED ARARUAMA COOPERATIVA DE TRABALHO MÉDICO LTDA;RJ;357011836.07;119003945.36;51327104.33;3
ASSOCIAÇÃO ASSISTENCIAL DE SAÚDE SUPLEMENTAR CRUZ AZUL SAÚDE;SP;354986470.53;118328823.51;45819014.63;3
UNIMED PALMAS COOPERATIVA DE TRABALHO MÉDICO;TO;354498354.42;118166118.14;48456658.42;3
UNIMED VARGINHA COOPERATIVA DE TRABALHO MÉDICO;MG;353874940.22;117958313.41;48610221.59;3
UNIMED PATO BRANCO SOCIEDADE COOPERATIVA DE MÉDICOS;PR;345300662.16;115100220.72;48427675.39;3
PROASA SAÚDE;DF;343886362.80;114628787.60;53519733.83;3
PLENA SAÚDE S.A.;SP;340423575.81;113474525.27;47382950.26;3
LIV LINHAS INTELIGENTES DE ATENÇÃO À VIDA S/A;SP;339534353.65;113178117.88;48872144.26;3
S.P.A SAUDE- SISTEMA DE PROMOÇÃO ASSISTENCIAL;SP;335444802.01;111814934.00;47023204.08;3
SERMED-SAÚDE LTDA.;SP;333058760.64;111019586.88;46761051.92;3
UNIMED DE RIO CLARO SP COOPERATIVA DE TRABALHO MEDICO;SP;332140853.57;110713617.86;47882555.57;3
UNIMED CONSELHEIRO LAFAIETE COOPERATIVA DE TRABALHO MÉDICO LTDA;MG;327859926.39;109286642.13;47053390.93;3
IRMANDADE DA SANTA CASA DE MISERICÓRDIA DE PIRACICABA;SP;323476234.39;107825411.46;51576884.74;3
LIFE EMPRESARIAL SAÚDE LTDA.;SP;322517470.51;107505823.50;49305669.67;3
FUNDAÇÃO SANEPAR DE ASSISTÊNCIA SOCIAL;PR;322516582.51;107505527.50;40107611.94;3
UNIMED POÇOS DE CALDAS - SOC. COOP. DE TRAB. E SERVIÇOS MÉDICOS;MG;320425757.77;106808585.92;46743684.04;3
UNIMED RIO BRANCO COOPERATIVA DE TRABALHO MEDICO LTDA;AC;317066960.74;105688986.91;43278941.04;3
UNIÃO MÉDICA PLANOS DE SAÚDE S/A;BA;313644582.58;104548194.19;44968054.52;3
UNIMED DE CATANDUVA - COOPERATIVA DE TRABALHO MÉDICO;SP;311312452.17;103770817.39;43876345.42;3
SÃO LUCAS SAÚDE S/A;SP;307697011.49;102565670.50;42008073.40;3
UNIMED REGIONAL DE CAMPO MOURÃO COOP TRAB MEDICO;PR;301885916.91;100628638.97;43642862.09;3
LUMINAR SAÚDE - ASSOCIAÇÃO DE ASSISTÊNCIA À SAÚDE;DF;300478719.50;100159573.17;37182011.60;3
UNIMED NORTE CAPIXABA- COOPERATIVA DE TRABALHO MÉDICO;ES;300177898.21;100059299.40;44242944.30;3
UNIMED MARANHÃO DO SUL - COOPERATIVA DE TRABALHO MÉDICO;MA;296600018.51;98866672.84;48543107.99;3
UNIMED DE ASSIS COOPERATIVA DE TRABALHO MÉDICO;SP;296047414.66;98682471.55;41289293.33;3
SAUDE PAS - MEDICINA E ODONTO;RS;295529575.17;98509858.39;42147707.89;3
FUNDAÇÃO AFFEMG DE ASSISTÊNCIA E SAÚDE - FUNDAFFEMG;MG;291240959.00;97080319.67;40141582.78;3
UNIMED NORDESTE PAULISTA - FED. INTRAFEDERATIVA DAS COOP. MÉDICAS;SP;288887646.98;96295882.33;40853218.56;3
UNIMED GUARAPUAVA COOPERATIVA DE TRABALHO MÉDICO;PR;285865347.41;95288449.14;41712117.62;3
CAIXA DE ASSISTÊNCIA OSWALDO CRUZ;RJ;285201360.75;95067120.25;40656239.18;3
UNIMED TEOFILO OTONI COOPERATIVA DE TRABALHO MÉDICO;MG;285097430.79;95032476.93;39817003.02;3
UNIMED ENCOSTA DA SERRA/RS SOCIEDADE COOPERATIVA DE SERVIÇOS DE SAÚDE LTDA.;RS;281897715.64;93965905.21;41576214.81;3
UNIMED MONTES CLAROS COOPERATIVA DE  TRABALHO MÉDICO LTDA.;MG;280324396.22;93441465.41;37233092.71;3
OPERADORA UNIESTE DE PLANOS DE SAÚDE LTDA;RJ;277385890.86;92461963.62;44407894.65;3
SANTA CASA DE MISERICÓRDIA DE JUIZ DE FORA;MG;277292881.06;92430960.35;41178204.33;3
UNIMED DE OURINHOS - COOPERATIVA DE TRABALHO MÉDICO;SP;275392261.92;91797420.64;39122704.76;3
PLANO DE SAÚDE DA SANTA CASA DE BRAGANÇA PAULISTA;SP;274288279.19;91429426.40;37803040.03;3
UNIMED PETROPOLIS-RJ COOPERATIVA DE TRABALHO MÉDICO;RJ;273656791.48;91218930.49;38342556.91;3
UNIMED COSTA DO DESCOBRIMENTO COOPERATIVA DE TRABALHO MÉDICO;BA;272633185.73;90877728.58;39811159.65;3
UNIMED VALE DO CAÍ/RS - COOPERATIVA DE ASSISTÊNCIA À SAÚDE LTDA.;RS;266791319.82;88930439.94;37615105.35;3
CABERJ INTEGRAL SAÚDE S.A;RJ;262541076.05;87513692.02;36490059.35;3
UNIMED DE BARRA MANSA SOC. COOP. SERV.MED.E HOSPIT.;RJ;261983928.84;87327976.28;38989197.66;3
UNIMED DE BRUSQUE COOPERATIVA DE TRABALHO MÉDICO;SC;257527593.43;85842531.14;28001565.46;3
MÚTUA DOS MAGISTRADOS DO ESTADO DO RIO DE JANEIRO;RJ;253746936.16;84582312.05;37684894.50;3
SAÚDE BRB - CAIXA DE ASSISTÊNCIA;DF;253514248.19;84504749.40;37102827.65;3
POLICLIN SAÚDE S/A.;SP;248481256.61;82827085.54;34219267.46;3
UNIMED EXTREMO SUL COOPERATIVA DE TRABALHO MÉDICO;BA;245520341.83;81840113.94;33326331.59;3
UNIMED DE SÃO ROQUE - COOPERATIVA DE TRABALHO MÉDICO;SP;245010589.07;81670196.36;36474197.42;3
FUNDAÇÃO FIAT SAÚDE E BEM ESTAR;MG;243461950.87;81153983.62;35609050.20;3
UNIMED DE PARANAGUÁ COOPERATIVA DE TRABALHO MÉDICO;PR;243445662.56;81148554.19;34500366.46;3
UNIMED MISSÕES/RS - COOPERATIVA DE ASSISTÊNCIA À SAÚDE LTDA.;RS;242992324.54;80997441.51;33847709.31;3
UNIHOSP SAÚDE LTDA;SP;241133786.26;80377928.75;33866542.04;3
UNIMED CURVELO COOPERATIVA DE TRABALHO MÉDICO LTDA.;MG;241052726.99;80350909.00;34487295.90;3
UNIMED METROPOLITANA DO AGRESTE - COOPERATIVA DE TRABALHO MÉDICO;AL;237706613.72;79235537.91;33893154.95;3
MED-TOUR ADMINISTRADORA DE BENEFÍCIOS E EMPREENDIMENTOS LTDA.;SP;236903882.86;78967960.95;33601341.81;3
UNIMED RESENDE COOPERATIVA DE TRABALHO MÉDICO;RJ;234999631.78;78333210.59;34629875.81;3
ASSOCIAÇÃO FCA SAÚDE;MG;233950300.90;77983433.63;35342524.05;3
UNIMED ARAXÁ COOPERATIVA DE TRABALHO MÉDICO LTDA.;MG;232943637.83;77647879.28;33493867.42;3
UNIMED BARRA DO GARÇAS - COOPERATIVA DE TRABALHO MÉDICO;MT;232459538.29;77486512.76;32738090.76;3
UNIMED DE CATALÃO COOPERATIVA DE TRABALHO MÉDICO;GO;232173654.81;77391218.27;33109550.95;3
UNIMED NORTE FLUMINENSE COOPERATIVA DE TRABALHO MEDICO;RJ;230226113.73;76742037.91;34044087.08;3
UNIMED LITORAL SUL/RS - COOPERATIVA DE ASSISTÊNCIA À SAÚDE LTDA.;RS;228172548.69;76057516.23;31460013.79;3
UNIMED CABO FRIO COOPERATIVA TRABALHO MÉDICO LTDA.;RJ;224393768.83;74797922.94;32203029.29;3
SIM - CAIXA DE ASSISTÊNCIA À SAÚDE;SC;224285881.23;74761960.41;32815010.60;3
CAIXA DE ASSISTENCIA A SAUDE DA UNIVERSIDADE;MG;224137761.92;74712587.31;32365901.87;3
UNIMED DE PINDAMONHANGABA - COOPERATIVA TRABALHO MEDICO;SP;221672264.18;73890754.73;31620275.75;3
IRMANDADE SANTA CASA DE MISERICÓRDIA DE MARINGÁ;PR;221153907.11;73717969.04;32675118.71;3
CENTRAL REGIONAL DAS COOPERATIVAS MÉDICAS - UNIMED CERRADO;GO;218104275.58;72701425.19;30035651.08;3
UNIMED INCONFIDENTES COOPERATIVA DE TRABALHO MÉDICO LTDA.;MG;216377855.37;72125951.79;31473970.44;3
ELOSAÚDE - ASSOCIAÇÃO DE ASSISTÊNCIA À SAÚDE;SC;216197935.97;72065978.66;30339625.98;3
ASSOCIAÇÃO SÃO FRANCISCO VIDA;SP;214650655.05;71550218.35;31738822.79;3
UNIMED DE PARANAVAÍ COOPERATIVA DE TRABALHO MÉDICO;PR;213188138.22;71062712.74;31481506.63;3
UNIMED MEIO OESTE CATARINENSE COOPERATIVA DE TRABALHO MÉDICO;SC;211231600.72;70410533.57;29381132.10;3
UNIMED DE MANAUS COOP. DO TRABALHO MÉDICO LTDA;AM;209773599.43;69924533.14;37661371.29;3
BENEFICENCIA CAMILIANA DO SUL;SP;209505152.72;104752576.36;38858424.49;2
ASSOCIAÇÃO ADVENTISTA NORTE BRASILEIRA DE PREVENÇÃO E ASSISTÊNCIA A SAÚDE;PA;207945240.66;69315080.22;28000796.14;3
ASSOCIAÇÃO DA SANTA CASA SAÚDE DE RIBEIRÃO PRETO;SP;207609473.25;69203157.75;28980399.83;3
UNIMED REGIONAL SUL GOIAS COOP. DE TRABALHO MÉDICO LTDA;GO;206845760.49;68948586.83;29776750.28;3
UNIMED APUCARANA COOPERATIVA DE TRABALHO MÉDICO;PR;205464134.29;68488044.76;28798907.87;3
UNIMED DE CAÇAPAVA - COOPERATIVA DE TRABALHO MEDICO;SP;202118597.76;67372865.92;30042202.89;3
UNIMED ALTO VALE - COOPERATIVA DE TRABALHO MÉDICO;SC;199544068.12;66514689.37;29534444.95;3
HBC SAÚDE LTDA.;SP;198288372.63;66096124.21;28444905.71;3
UNIMED OESTE DO PARANA - COOPERATIVA DE TRABALHO MEDICO;PR;196066676.41;65355558.80;28497158.11;3
FUNDAÇAO COMPESA DE PREVIDENCIA E ASSISTENCIA - COMPESAPREV;PE;195340940.71;65113646.90;28377148.17;3
UNIMED DE LENÇOIS PAULISTA - COOPERATIVA DE TRABALHO MÉDICO;SP;193573895.24;64524631.75;27279499.03;3
UNIMED ERECHIM - COOPERATIVA DE SERVIÇOS DE SAÚDE LTDA.;RS;190786343.13;63595447.71;26318630.73;3
UNIMED NOROESTE DO PARANÁ COOP DE TRABALHO MÉDICO .;PR;190562630.67;63520876.89;28092932.70;3
COOPERATIVA DE TRABALHO MEDICO REGIÃO DO PLANALTO SERRANO;SC;189163181.48;63054393.83;28233020.93;3
ASSOCIAÇÃO SANTA CASA SAÚDE DE ARAÇATUBA;SP;188933698.08;62977899.36;27023975.29;3
UNIMED REGIONAL DE TRES LAGOAS COOPERATIVA DE TRABALHO MÉDICO;MS;188220491.96;62740163.99;27553538.99;3
UNIMED BARBACENA - COOPERATIVA DE TRABALHO MÉDICO LTDA;MG;186400170.23;62133390.08;27617287.94;3
IRMANDADE DA SANTA CASA DE MISERICÓRDIA DE RIO CLARO;SP;185035529.25;61678509.75;28133025.25;3
UNIMED PARÁ DE MINAS COOPERATIVA DE TRABALHO MÉDICO LTDA.;MG;184444866.20;61481622.07;26682990.84;3
UNIMED VALE DO AÇO COOPERATIVA DE TRABALHO MÉDICO;MG;182701288.83;91350644.42;33719949.44;2
ASSOCIAÇÃO DOS SERVIDORES FISCAIS DO ESTADO DA BAHIA;BA;182281155.89;60760385.30;26382194.11;3
ASSOCIAÇÃO BENEFICENTE DE ASSISTÊNCIA A SAÚDE DOS JUÍZES DO TRABALHO DA 15ª REGIÃO (ABAS 15);SP;182142340.29;60714113.43;26026656.63;3
UNIMED OS BANDEIRANTES COOPERATIVA DE TRABALHO MÉDICO;SP;181384044.44;60461348.15;23285196.27;3
UNIMED MURIAÉ COOPERATIVA DE TRABALHO MEDICO LTDA;MG;181048139.37;60349379.79;25750475.02;3
CAIXA ASSISTENCIAL E BENEFICENTE DOS FUNCIONÁRIOS DA ACARESC;SC;180821337.32;60273779.11;25062298.35;3
ASSOCIAÇÃO PADRE ALBINO SAÚDE;SP;179748132.62;59916044.21;29151144.44;3
CENTRO HOSPITALAR ATIBAIA LTDA.;SP;179642797.77;59880932.59;27399347.89;3
UNIMED DE LINS - COOPERATIVA DE TRABALHOS MÉDICOS;SP;179323057.85;59774352.62;24403567.18;3
UNIMED CENTRO SUL FLUMINENSE COOPERATIVA DE TRABALHO MÉDICO;RJ;178983714.82;59661238.27;26140174.70;3
AMESC - ASSOCIAÇÃO MÉDICA ESPÍRITA CRISTÃ;RJ;177559551.29;59186517.10;23196363.07;3
FUNDAÇÃO DE SAÚDE ITAIGUAPY;PR;176997308.14;58999102.71;26766588.85;3
UNIMED EXTREMO OESTE CATARINENSE COOPERATIVA DE TRABALHO MÉDICO;SC;176600963.07;58866987.69;22447763.58;3
UNIMED SÃO JOÃO DEL REI - COOPERATIVA DE TRABALHO MÉDICO;MG;176175147.04;58725049.01;25741581.01;3
UNIMED ITABIRA COOPERATIVA DE TRABALHO MÉDICO;MG;174663478.99;58221159.66;25495887.38;3
SELECT OPERADORA DE PLANO DE SAUDE LTDA;GO;173089443.32;57696481.11;39816645.76;3
UNIMED DE JABOTICABAL COOP. DE TRABALHO MÉDICO;SP;172687587.31;57562529.10;25641649.98;3
UNIMED JOÃO MONLEVADE COOPERATIVA DE TRABALHO MÉDICO LTDA.;MG;171835955.68;57278651.89;25509628.70;3
UNIMED DE TATUI - COOPERATIVA DE TRABALHO MÉDICO;SP;170017315.58;56672438.53;23645874.43;3
UNIMED LAVRAS COOPERATIVA DE TRABALHO MÉDICO;MG;168914755.23;56304918.41;24370969.07;3
UNIMED DE LORENA COOPERATIVA DE TRABALHO MÉDICO;SP;167574830.90;55858276.97;22989593.72;3
CAIXA DE ASSISTÊNCIA DOS SERVIDORES FAZENDÁRIOS ESTADUAIS;CE;167489056.66;55829685.55;22943929.41;3
AGROS - INSTITUTO UFV DE SEGURIDADE SOCIAL;MG;162542235.31;54180745.10;24062610.82;3
UNIMED FRONTEIRA NOROESTE/RS - COOPERATIVA DE ASSISTÊNCIA À SAÚDE LTDA.;RS;161498356.01;53832785.34;23442534.39;3
OESTE SAÚDE ASSISTÊNCIA A SAÚDE SUPLEMENTAR S.A;SP;160639393.11;53546464.37;23944956.33;3
UNIMED NORTE PIONEIRO - COOPERATIVA DE TRABALHO MÉDICO;PR;160537041.37;53512347.12;23686076.74;3
ASSOCIAÇÃO BENEFICENTE DOS PROFESSORES PÚBLICOS ATIVOS E INATIVOS DO RIO DE JANEIRO - APPAI;RJ;159229813.43;53076604.48;24242390.91;3
CAIXA DE ASSISTÊNCIA À SAÚDE DOS SERVIDORES PÚBLICOS DO ESTADO DO MATO GROSSO DO SUL;MS;158324022.19;52774674.06;22835568.95;3
CAIXA DE ASSISTÊNCIA DOS EMPREGADOS DA SANEAGO;GO;157406007.82;52468669.27;22083384.75;3
FUNDAÇÃO DE SEGURIDADE SOCIAL DA ARCELORMITTAL BRASIL - FUNSSEST;ES;154395998.75;51465332.92;18608314.03;3
UNIMED ARAGUARI COOPERATIVA DE TRABALHO MÉDICO;MG;153943599.67;51314533.22;22100110.45;3
SAÚDE SANTA TEREZA LTDA.;SP;153604162.91;51201387.64;22348757.42;3
OPERADORA UNICENTRAL DE PLANOS DE SAÚDE LTDA.;SP;151654074.60;50551358.20;18505691.97;3
ASSOCIAÇAO DOS FUNCIONARIOS PUBLICOS DO ESTADO DO RIO GRANDE DO SUL;RS;150835034.39;50278344.80;20626947.61;3
METLIFE PLANOS ODONTOLÓGICOS LTDA.;SP;148106532.03;49368844.01;20841857.43;3
SANTA CASA DE MAUÁ SAÚDE;SP;147531900.01;49177300.00;21280517.89;3
UNIMED ITUIUTABA COOPERATIVA TRABALHO MÉDICO LTDA.;MG;144982473.82;48327491.27;19997850.33;3
ELETROS SAÚDE - ASSOCIAÇÃO DE ASSISTÊNCIA À SAÚDE;RJ;144544094.76;48181364.92;22209309.98;3
UNIMED TRÊS RIOS COOPERATIVA DE TRABALHO MÉDICO;RJ;143732325.46;47910775.15;19975833.33;3
UNIMED ITAJUBA COOPERATIVA DE TRABALHO MEDICO;MG;143614657.64;47871552.55;21809569.66;3
UNIMED ALTA MOGIANA COOPERATIVA DE TRABALHO MÉDICO;SP;142850890.11;47616963.37;20738857.35;3
UNIMED ITAÚNA COOPERATIVA DE TRABALHO MÉDICO LTDA.;MG;142062757.08;47354252.36;19472057.45;3
ASSISTÊNCIA MÉDICA SÃO MIGUEL LTDA;SP;142014083.89;47338027.96;20905095.64;3
SAMI ASSISTÊNCIA MÉDICA LTDA;SP;141655650.89;47218550.30;18942498.10;3
UNIMED DE GUARATINGUETA-COOPERATIVA DE TRABALHO MÉDICO;SP;139374618.50;46458206.17;20017113.74;3
COOPERATIVA DE TRABALHO MEDICO DE ARAGUAÍNA - UNIMED ARAGUAÍNA;TO;138771410.38;46257136.79;19774804.99;3
VIVACOM PLANOS DE SAÚDE;GO;138628051.42;46209350.47;19596216.44;3
UNIMED SAÚDE E ODONTO S.A;SP;138033964.54;46011321.51;20721612.05;3
UNIMED VALE DAS ANTAS, RS - COOPERATIVA DE ASSISTÊNCIA À SAÚDE LTDA.;RS;136923002.54;45641000.85;17621462.41;3
CAIXA DE ASSISTÊNCIA DOS EMPREGADOS DO SISTEMA FINANCEIRO BANESTES;ES;136502854.02;45500951.34;19148379.00;3
UNIMED OESTE DO PARÁ - COOPERATIVA DE TRABALHO MÉDICO;PA;136042176.96;45347392.32;18140878.43;3
PARANA ASSISTENCIA MEDICA LTDA;PR;135447617.94;45149205.98;19990311.59;3
UNIMED SUL PAULISTA - COOPERATIVA DE TRABALHO MÉDICO;SP;134336664.54;44778888.18;18505907.05;3
GARANTIA DE SAÚDE LTDA;SP;134283122.56;44761040.85;18302758.92;3
TEMPO MED PLANO DE SAUDE LTDA;SC;133639690.18;44546563.39;20192472.26;3
NOVA SAÚDE OPERADORA INTEGRADA DE SAÚDE LTDA;RJ;133074576.79;44358192.26;22123757.29;3
ASSOCIAÇÃO DE ASSISTÊNCIA À SAÚDE DA AMAGIS;MG;132683142.21;44227714.07;19703049.47;3
IRMANDADE DA SANTA CASA DE MISERICORDIA DE LIMEIRA;SP;132507259.48;44169086.49;19089550.74;3
SULMED - ASSISTÊNCIA MÉDICA LTDA;RS;130735624.71;43578541.57;18526919.27;3
ESMALE ASSISTENCIA INTERNACIONAL DE SAUDE LTDA.;AL;130389989.32;43463329.77;17892362.60;3
COOPERATIVA DE TRABALHO MÉDICO DO PLANALTO NORTE DE SANTA CATARINA LTDA;SC;128215391.16;42738463.72;17733265.99;3
UNIODONTO DE CAMPINAS COOPERATIVA ODONTOLÓGICA;SP;127615844.25;42538614.75;18654057.01;3
UNIMED DE SOBRAL SOCIEDADE COOPERATIVA MÉDICA LTDA;CE;127147663.32;42382554.44;18123088.10;3
GOCARE PLANOS DE SAUDE LTDA;SP;125063301.71;41687767.24;15318141.31;3
PLADISA PLANOS DE SAÚDE SA;SC;123006265.40;41002088.47;17134516.29;3
ASSOCIAÇÃO DE SAÚDE DO VALE;SC;122362738.43;40787579.48;19133068.02;3
PLAMED PLANO DE ASSISTENCIA MEDICA LTDA;SE;121171687.29;40390562.43;17542289.83;3
AMHE MED ASSISTENCIA A SAUDE LTDA - EPP;SP;120612567.03;40204189.01;25094105.03;3
MATÃO CLINICAS & AMHMA SAÚDE LTDA;SP;119066504.46;39688834.82;16438242.72;3
BEST SENIOR OPERADORA DE SAÚDE LTDA;ES;117719337.13;39239779.04;18871374.13;3
SUL AMÉRICA ODONTOLÓGICO S/A;SP;117621971.37;39207323.79;16782006.56;3
UNIMED CENTRO PAULISTA - FEDERAÇÃO INTRAFEDERATIVA DAS COOPERATIVAS MÉDICAS;SP;117230072.66;39076690.89;16455867.53;3
PRONTOMED PLANOS DE SAÚDE LTDA;MG;116706968.18;38902322.73;17044444.11;3
FUNDACAO LEONOR DE BARROS CAMARGO;SP;116706558.40;38902186.13;17384703.14;3
ASSOCIAÇÃO POLICIAL DE ASSISTÊNCIA À SAÚDE;SP;116683970.15;12964885.57;10515139.34;9
UNIMED DE ANDRADINA - COOPERATIVA DE TRABALHO MÉDICO;SP;116480969.84;38826989.95;17477376.49;3
VITA ASSISTÊNCIA A SAÚDE LTDA.;MG;116115881.08;38705293.69;26097278.75;3
UNIMED GUAXUPÉ COOPERATIVA DE TRABALHO MEDICO;MG;116073569.55;38691189.85;16813557.99;3
ASSOCIAÇÃO DE SAÚDE DOS FORNECEDORES DE CANA DE PIRACICABA E REGIÃO;SP;115422240.27;38474080.09;17078887.32;3
UNIMED PATROCÍNIO COOPERATIVA DE TRABALHO MÉDICO LTDA.;MG;114894954.68;38298318.23;16643410.48;3
CAIXA ASSISTENCIAL UNIVERSITÁRIA DO RIO GRANDE DO NORTE;RN;114601180.61;38200393.54;16352586.98;3
UNIMED DE IBITINGA COOPERATIVA DE TRABALHO MÉDICO;SP;114084890.03;38028296.68;15776885.94;3
CAIXA DE ASSISTÊNCIA À SAUDE DOS EMPREGADOS DA CODEVASF - CASEC;DF;113371198.47;37790399.49;13662719.55;3
AMEPLAN ASSISTÊNCIA MÉDICA PLANEJADA LTDA;SP;113220482.56;37740160.85;14813178.23;3
ASSOCIAÇÃO DE ASSISTÊNCIA MÉDICO HOSPITALAR DOS MAGISTRADOS DO ESTADO DO PARANÁ;PR;111974923.48;37324974.49;17574312.67;3
UNIMED SÃO LOURENÇO COOPERATIVA DE TRABALHO MÉDICO;MG;111749913.19;37249971.06;15492226.45;3
UNIMED ALTO DA SERRA - SOCIEDADE COOPERATIVA DE SERVIÇO MÉDICO LTDA.;RS;111428711.46;37142903.82;16010517.47;3
UNIMED CAÇADOR COOPERATIVA DE TRABALHO MÉDICO DA REGIÃO DO CONTESTADO;SC;110738850.29;36912950.10;15825938.29;3
UNIMED NORTE PAULISTA - COOPERATIVA DE TRABALHO MÉDICO;SP;109861978.62;36620659.54;15853802.81;3
UNIMED DE AVARÉ COOPERATIVA DE TRABALHO MÉDICO;SP;109521397.29;36507132.43;15575667.86;3
UNIMED COSTA VERDE RJ;RJ;109226275.76;36408758.59;14139084.91;3
SANTA CASA DE MISERICORDIA DE SAO JOAQUIM DA BARRA;SP;108971377.58;36323792.53;16068497.91;3
ASSOCIAÇÃO MINEIRA DE ASSISTÊNCIA À SAÚDE DOS MEMBROS DO MINISTÉRIO PÚBLICO;MG;108597203.43;36199067.81;16028593.25;3
CAIXA DE ASSISTÊNCIA À SAÚDE DO SINDICATO DOS FUNCIONÁRIOS INTEGRANTES DO GRUPO OCUPACIONAL ADMINISTRAÇÃO TRIBUTÁRIA DO ESTADO DE PERNAMBUCO;PE;107477510.29;35825836.76;15930059.52;3
SÃO DOMINGOS SAÚDE- ASSISTÊNCIA MÉDICA  LTDA;SP;107464992.25;35821664.08;16357203.77;3
UNIMED DE BIRIGUI - COOPERATIVA DE TRABALHO MÉDICO;SP;106107221.63;35369073.88;15212216.80;3
ASSOCIAÇÃO DO PLANO DE SAÚDE DA SANTA CASA DE MISERICÓRDIA DE ITABUNA - PLANSUL;BA;105919981.76;35306660.59;14562928.87;3
AMHA SAUDE S/A;SP;105253852.30;35084617.43;14352290.83;3
UNIMED ALTO SÃO FRANCISCO COOPERATIVA DE TRABALHO MÉDICO;MG;105105044.97;35035014.99;15304171.82;3
FUNDAÇÃO LIBERTAS DE SEGURIDADE SOCIAL;MG;104946030.63;34982010.21;14531946.08;3
UNIMED MARQUES DE VALENÇA COOPERATIVA DE TRABALHO MÉDICO LTDA.;RJ;104614173.87;34871391.29;15839107.86;3
SISTEMAS E PLANOS DE SAÚDE LTDA.;SP;103937544.18;34645848.06;14487705.88;3
CAIXA DE ASSISTÊNCIA DOS FUNCIONÁRIOS DO BANCO DA AMAZÔNIA - CASF;PA;103742886.96;34580962.32;12138195.01;3
UNIMED NOROESTE FLUMINENSE - COOPERATIVA DE TRABALHO MÉDICO LTDA;RJ;103306207.58;34435402.53;14581517.83;3
HOSPITAIS E CLÍNICAS DO PIAUÍ S/S LTDA;PI;102931097.99;34310366.00;14780480.77;3
ASSOCIAÇÃO SAÚDE SÃO JOSÉ;SC;100029178.73;33343059.58;15050840.32;3
INSTITUIÇÃO BENEFICENTE CEL MASSOT - IBCM;RS;98913688.97;32971229.66;15996533.51;3
SÃO FRANCISCO ASSISTÊNCIA MÉDICA LTDA;PE;97870907.35;32623635.78;14028125.15;3
ASSOCIAÇÃO MAIS SAÚDE SANTA CASA DE SÃO JOÃO DA BOA VISTA;SP;96593314.10;32197771.37;15209046.51;3
DENTAL UNI - COOPERATIVA ODONTOLÓGICA;PR;92725327.44;30908442.48;13301353.49;3
UNIMED NORTE DO PARANÁ COOPERATIVA REGIONAL DE TRABALHO MÉDICO;PR;92695628.98;30898542.99;12968979.94;3
ASSOCIAÇÃO POLICIAL DE ASSISTÊNCIA À SAÚDE DE BAURU;SP;92533143.06;30844381.02;13352182.95;3
UNIMED VALE DO JAURU COOPERATIVA DE TRABALHO MÉDICO;MT;91921086.48;30640362.16;12296355.97;3
UNIMED SUDOESTE DE MINAS COOPERATIVA DE TRABALHO MÉDICO;MG;91806477.45;30602159.15;14129252.07;3
ASSOCIAÇÃO SÃO LUIZ SAÚDE;SP;91717430.84;30572476.95;11860085.74;3
UNIMED DE UBA COOPERATIVA DE TRABALHO MEDICO;MG;91497351.63;30499117.21;13754295.97;3
SAMOC S.A. - SOCIEDADE ASSISTENCIAL MÉDICA E ODONTO CIRÚRGICA;RJ;91474158.13;30491386.04;12972295.29;3
CAIXA DE ASSISTÊNCIA SISTEMA SAÚDE INTEGRAL-SSI SAUDE;RS;90630838.01;30210279.34;13905065.43;3
AMAZÔNIA PLANOS DE SAÚDE LTDA;PA;90607567.52;30202522.51;13092810.82;3
ÚNICA ASSISTENCIA MEDICA LTDA;SP;90035865.85;30011955.28;13396503.66;3
IRMANDADE DE MISERICÓRDIA DO HOSPITAL DA SANTA CASA DE MONTE ALTO;SP;89978220.51;29992740.17;12927656.51;3
UNIMED GURUPI COOPERATIVA DE TRABALHO MÉDICO;TO;89768742.44;29922914.15;12347131.90;3
UNIMED DE TAUBATÉ COOPERATIVA DE TRABALHO MÉDICO;SP;89639093.62;29879697.87;12650817.17;3
CAIXA DE ASSISTÊNCIA AOS MEMBROS DA DEFENSORIA PÚBLICA DO ESTADO DO RIO DE JANEIRO;RJ;88942954.15;29647651.38;13740473.77;3
IRMANDADE DA SANTA CASA DE MISERICÓRDIA DE PASSOS;MG;87298069.51;29099356.50;12361202.18;3
ASSOCIAÇÃO FUNDO DE PROTEÇÃO À SAÚDE;PR;87200555.69;29066851.90;12555435.60;3
UNIMED DE CAPIVARI -COOPERATIVA DE TRABALHO MÉDICO;SP;86466231.02;28822077.01;12223365.95;3
PLANO DE SAUDE ASES LTDA.;RJ;86378293.46;28792764.49;12040666.08;3
LEADER ASSISTÊNCIA MÉDICA E HOSPITALAR LTDA.;SP;85394287.78;28464762.59;10439326.99;3
UNIMED NOROESTE DE MINAS COOPERATIVA DE TRABALHO MEDICO LTDA;MG;83303367.25;27767789.08;12463576.99;3
UNIMED CATAGUASES COOPERATIVA DE TRABALHO MÉDICO LTDA;MG;81983516.55;27327838.85;11541560.03;3
UNIMED TRÊS CORAÇÕES COOPERATIVA DE TRABALHO MÉDICO LTDA.;MG;81876413.85;27292137.95;11669481.17;3
ANAFE SAUDE;GO;81122122.60;27040707.53;11340330.74;3
UNIMED DE MINEIROS COOPERATIVA DE TRABALHO MÉDICO;GO;81000994.31;27000331.44;11780956.97;3
UNIMED DE TUPA COOPERATIVA DE TRABALHO MÉDICO;SP;80915783.90;26971927.97;11213617.02;3
UNIMED DE BARRETOS COOPERATIVA DE TRABALHO MÉDICO;SP;80819958.63;26939986.21;12131820.46;3
UNIMED VILHENA - COOPERATIVA DE TRABALHO MEDICO LTDA;RO;80389107.77;26796369.26;17079478.36;3
UNIMED INTRAFEDERATIVA FEDERAÇÃO REGIONAL SUL DE MINAS;MG;78708982.99;26236327.66;11465538.38;3
ASSOCIAÇÃO DOS AUDITORES FISCAIS DO ESTADO DA PARAÍBA - AFRAFEP;PB;78567423.02;26189141.01;11028526.51;3
UNIMED DE PIRASSUNUNGA COOPERATIVA DE TRABALHO MÉDICO;SP;78566556.75;26188852.25;12035728.64;3
ASSOCIAÇÃO DOS FUNCIONÁRIOS DO FISCO DO ESTADO DE GOIÁS;GO;77522620.19;25840873.40;11459087.21;3
UNIMED PONTAL DO TRIÂNGULO - COOPERATIVA DE TRABALHO MÉDICO;MG;77368063.04;25789354.35;10748648.22;3
UNIMED CARATINGA - COOPERATIVA DE TRABALHO MÉDICO LTDA;MG;76651297.38;25550432.46;10698100.94;3
SAÚDE BRASIL ASSISTÊNCIA MÉDICA LTDA.;SP;76487958.58;25495986.19;10924234.88;3
MAIS SAÚDE PLANO DE SAÚDE LTDA;GO;76270201.63;25423400.54;11625871.33;3
GS PLANO GLOBAL DE SAÚDE LTDA;RJ;75557174.58;25185724.86;11195070.74;3
CONFERÊNCIA SÃO JOSÉ DO AVAÍ;RJ;75549922.41;25183307.47;12138024.09;3
UNIMED FRUTAL COOPERATIVA DE TRABALHO MEDICO LTDA;MG;75523564.44;25174521.48;10140347.14;3
SANTA CASA DE MISERICÓRDIA DE VOTUPORANGA;SP;75500407.37;25166802.46;10770977.25;3
UNITY SERVIÇOS INTEGRADOS DE SAÚDE LTDA.;DF;74783103.03;24927701.01;12642277.64;3
UNIMED VIÇOSA - COOPERATIVA DE TRABALHO MÉDICO;MG;73730866.40;24576955.47;10691949.01;3
IRMANDADE DE MISERICORDIA DE PORTO FERREIRA;SP;73679846.02;24559948.67;11071523.58;3
CAIXA DE ASSISTÊNCIA DOS EMPREGADOS DO BANEB;BA;72669812.09;24223270.70;10270365.81;3
OPERADORA DE PLANOS PRIVADOS DE SAÚDE - SANTA CASA SAÚDE LTDA;MS;72507211.86;24169070.62;10389325.46;3
INTERMEDICI PIRACICABA ASSISTENCIA MEDICA LTDA;SP;71072227.51;23690742.50;10840004.06;3
ASSOCIAÇÃO DO FISCO DE ALAGOAS;AL;70821580.80;23607193.60;11205136.22;3
UNIMED DE MOCOCA COOPERATIVA DE TRAB. MÉDICO;SP;70532702.87;23510900.96;10590124.92;3
UNIMED VALE DO PIQUIRI-COOPERATIVA DE TRABALHO MÉDICO VALE DO PIQUIRI;PR;69291297.23;23097099.08;10192007.24;3
UNIMED VERTENTE DO CAPARAÓ - COOPERATIVA DE TRABALHO MÉDICO LTDA;MG;69250943.91;23083647.97;9677156.43;3
UNIMED PLANALTO CENTRAL/RS - COOPERATIVA DE ASSISTÊNCIA  À SAÚDE LTDA.;RS;67891774.63;22630591.54;10641259.75;3
ASSOCIAÇÃO PARANAENSE DE ASSISTÊNCIA À SAUDE DOS MEMBROS DO MINISTERIO PUBLICO DO PARANÁ;PR;67536650.31;22512216.77;9277077.00;3
UNIMED DE SAO JOSÉ DO RIO PARDO-COOP. DE TRAB. MÉDICO;SP;67524417.62;22508139.21;9838857.24;3
FUNDAÇÃO FILANTRÓPICA E BENEFICENTE DE SAÚDE ARNALDO GAVAZZA FILHO;MG;67182066.51;22394022.17;9792770.58;3
CAIXA DE ASSISTÊNCIA DOS MAGISTRADOS DE PERNAMBUCO;PE;67106647.43;22368882.48;10006727.99;3
AMEP FREGUESIA OPERADORA DE PLANO DE SAUDE LTDA;RJ;66541155.62;22180385.21;8974846.30;3
UNIMED-RIO COOPERATIVA DE TRABALHO MEDICO DO RIO DE JANEIRO;RJ;65485414.37;65485414.37;0.00;1
PLANO ODONTOLÓGICO DENTALVIDAS LTDA.;SP;64964948.84;21654982.95;9897243.30;3
BRASILDENTAL OPERADORA DE PLANOS ODONTOLÓGICOS S.A.;SP;63785167.89;21261722.63;9144792.39;3
UNIMED ALFENAS COOPERATIVA DE TRABALHO MEDICO;MG;62553988.44;20851329.48;9152601.94;3
UNIMED DE DRACENA - COOPERATIVA DE TRABALHO MÉDICO;SP;62201385.94;20733795.31;9160543.09;3
UNIMED REGIÃO DA CAMPANHA/RS - COOPERATIVA DE ASSISTÊNCIA À SAÚDE LTDA.;RS;61631205.80;20543735.27;9330128.24;3
UNIMED REGIÃO DA PRODUÇÃO/RS - COOPERATIVA DE ASSISTÊNCIA À SAÚDE LTDA;RS;61411400.01;20470466.67;9210966.22;3
POLI SAUDE OPERADORA DE PLANO DE SAUDE LTDA;PR;61136771.16;20378923.72;9092871.66;3
UNIMED SÃO SEBASTIÃO DO PARAÍSO COOPERATIVA DE TRABALHO MÉDICO;MG;60358599.16;20119533.05;8514034.83;3
UNIODONTO DE SÃO JOSÉ DOS CAMPOS COOPERATIVA DE TRABALHO ODONTOLÓGICO;SP;60168652.93;20056217.64;8874282.53;3
FUNDAÇÃO DE ASSISTÊNCIA À SAÚDE DA ASSOCIAÇÃO DO MINISTÉRIO PÚBLICO DO RIO GRANDE DO SUL;RS;58421076.13;19473692.04;9304578.21;3
UNIMED LEOPOLDINA COOPERATIVA DE TRABALHO MÉDICO LTDA;MG;58145648.25;19381882.75;9535480.69;3
UNIMED ALTO JACUÍ/RS - COOPERATIVA DE ASSISTÊNCIA À SAÚDE LTDA;RS;57379224.94;19126408.31;8057212.80;3
PREVIDENT ASSISTÊNCIA ODONTOLÓGICA S.A;SP;57278051.49;19092683.83;7926386.39;3
UNIMED DE ADAMANTINA-COOPERATIVA DE TRABALHO MÉDICO;SP;57156270.84;19052090.28;8120268.72;3
AMPARA ASSISTÊNCIA MÉDICA PARAÍSO LTDA;MG;54215297.87;18071765.96;7654094.44;3
TERRAMAR ADMINISTRADORA DE PLANO DE SAUDE LTDA;BA;53769153.35;17923051.12;8184748.44;3
UNIMED CALDAS NOVAS - COOPERATIVA DE TRABALHO MEDICO;GO;53693619.76;17897873.25;7391553.56;3
CAIXA DE ASSISTÊNCIA DOS EMPREGADOS DO BANESE;SE;53148231.40;17716077.13;7325786.89;3
ASSOCIAÇÃO POLICIAL DE ASSISTÊNCIA À SAÚDE DE RIBEIRÃO PRETO (APAS);SP;53001580.43;17667193.48;7367064.87;3
SF SISTEMAS DE SAÚDE LTDA;SP;52972915.62;17657638.54;8823901.21;3
ALLIANZ SAÚDE S/A;SP;51936254.83;17312084.94;4827886.96;3
FEDERAÇÃO DAS SOCIEDADES COOPERATIVAS DE TRABALHO MÉDICO DO ACRE, AMAPÁ, AMAZONAS, PARÁ, RONDONIA E RORAIMA;AM;51261694.46;51261694.46;0.00;1
ASSOCIAÇÃO PLANO DE SAÚDE SANTA CASA DE VALINHOS;SP;51019148.82;17006382.94;7363815.09;3
PLAMER PLANO MEDICO RESENDE LTDA;RJ;50798694.83;16932898.28;6186363.92;3
ASSOCIAÇÃO DOS AUDITORES FISCAIS DA RECEITA ESTADUAL DO RIO DE JANEIRO;RJ;50207864.92;16735954.97;6866610.85;3
UNIMED VALE DO URUCUIA - COOPERATIVA DE TRABALHO MEDICO LTDA;MG;49377059.65;16459019.88;7049026.29;3
PRONTOCLINICA E HOSPITAIS SAO LUCAS S/A;MG;48243606.12;16081202.04;7256005.02;3
ASSOCIAÇÃO SAÚDE CONCEIÇÃO;SC;47875923.23;15958641.08;6782299.50;3
UNIMED PATOS - COOPERATIVA DE TRABALHO MÉDICO;PB;47638550.40;15879516.80;7088707.81;3
FILOSANITAS SAUDE LTDA;SP;47390800.28;15796933.43;7242411.29;3
SBC SAÚDE LTDA.;SP;47302717.37;15767572.46;6294979.82;3
IRMANDADE DA SANTA CASA DE MISERICÓRDIA E MATERNIDADE DONA ZILDA SALVAGNI;SP;46880520.58;15626840.19;6615579.20;3
UNIMED TRÊS PONTAS - COOPERATIVA DE TRABALHO MÉDICO;MG;46279310.79;15426436.93;6548443.08;3
SOCIEDADE BENEFICENTE DEZOITO DE JULHO;MG;46245657.62;15415219.21;6684995.51;3
UNIMED DE MONTE ALTO - COOPERATIVA DE TRABALHO MÉDICO;SP;45907703.21;15302567.74;6531107.86;3
ASSOCIACAO DOS PROFESSORES UNIVERSITÁRIOS DA BAHIA;BA;45724615.39;15241538.46;6620947.17;3
ASSOCIAÇÃO DOS EMPREGADOS DA COMPANHIA ESTADUAL DE HABITAÇÃO E OBRAS PÚBLICAS - ASSEC;SE;45557752.58;15185917.53;6749641.16;3
UNIODONTO BELÉM - COOPERATIVA DE ASSISTÊNCIA À SAÚDE ODONTOLÓGICA;PA;45453179.27;15151059.76;6061115.07;3
UNIMED VALE DO CORUMBÁ COOPERATIVA DE TRABALHO MEDICO;GO;45236148.47;15078716.16;6718939.74;3
UNIMED REGIÃO DA FRONTEIRA - RS COOPERATIVA DE ASSISTÊNCIA À SAÚDE LTDA.;RS;44732045.26;14910681.75;6534972.09;3
FUNDACAO CAPITAL PREVIDENCIA E SAUDE - CAPITAL PREV;ES;44591176.71;22295588.36;7440163.60;2
UNIMED DE CORUMBA COOPERATIVA DE TRABALHO MÉDICO;MS;44561299.75;14853766.58;7037957.66;3
UNIMED CACERES COOPERATIVA DE TRABALHO MÉDICO;MT;44040480.37;14680160.12;6005510.03;3
UNIMED DE REGISTRO COOPERATIVA DE TRABALHO MÉDICO;SP;43718937.15;14572979.05;5978657.75;3
ASSOCIAÇÃO POLICIAL DE ASSISTÊNCIA À SAÚDE DE ARAÇATUBA (APAS);SP;43619201.24;14539733.75;5947627.29;3
UNIMED DE PENAPOLIS - COOPERATIVA DE TRABALHO MEDICO;SP;43571952.78;14523984.26;6559261.70;3
TRINO - ALIANCA FILANTRÓPICA DE ASSISTÊNCIA E INTEGRAÇÃO PARA O DESENVOLVIMENTO DA SAUDE;ES;43168319.08;14389439.69;6599526.76;3
ADVANCE PLANOS DE SAÚDE LTDA;SP;43161916.91;14387305.64;6328851.15;3
SANTA CASA DE MISERICORDIA HOSPITAL SÃO VICENTE;SP;42439862.32;14146620.77;6025783.91;3
ASSOCIAÇÃO POLICIAL DE ASSISTÊNCIA A SAÚDE DA BAIXADA SANTISTA;SP;42196759.14;14065586.38;5634567.09;3
ASSOCIAÇÃO SANTA CASA CLÍNICAS DE BIRIGUI;SP;42179284.67;14059761.56;6068313.10;3
FEDERAÇÃO DAS COOP ODONTOLÓGICAS DO ESTADO DE SANTA CATARINA;SC;42115563.08;14038521.03;6444471.32;3
ASSOCIAÇÃO GOIANA DO MINISTÉRIO PÚBLICO;GO;41967350.13;13989116.71;6282952.32;3
UNIX SAÚDE S.A;BA;41840490.34;13946830.11;5869575.52;3
UNIMED REGIONAL DE FLORIANO - COOPERATIVA DE TRABALHO MÉDICO;PI;41384636.01;13794878.67;5766688.03;3
ATÍVIA SERVIÇOS DE SAÚDE S/A;SP;41183754.04;20591877.02;3216189.38;2
SV SAUDE ADMINSTRADORES DE PLANO DE SAUDE LTDA;RJ;40958658.87;13652886.29;6173503.50;3
UNIMED SUDOESTE PAULISTA COOPERATIVA DE TRABALHO MÉDICO;SP;39235829.49;13078609.83;6182602.44;3
PB ASSISTENCIA MEDICA EU LTDA;BA;38001110.99;12667037.00;6550481.42;3
COOPERATIVA DOS USUÁRIOS DE SERVIÇOS DE SAÚDE DO VALE DO RIO DOS SINOS LTDA;RS;37957621.89;12652540.63;5218826.07;3
EVANGELICO SAUDE LTDA.;PR;37912531.60;12637510.53;5205753.65;3
BIO SAÚDE SERVIÇOS MÉDICOS LTDA;SP;37659972.11;12553324.04;4571951.82;3
UNIMED PONTE NOVA COOPERATIVA DE TRABALHO MEDICO LTDA;MG;36813536.46;12271178.82;5463903.30;3
AME VVIDA PLANOS DE SAUDE INTEGRADO LTDA.;RO;36574055.19;12191351.73;4950420.60;3
PESSOAL SAÚDE PLANOS DE ASSISTÊNCIA MÉDICA LTDA;SP;36502126.28;12167375.43;5158151.77;3
CAIXA DE ASSISTÊNCIA DO SINDFISCO - CASSIND;SE;36370505.53;12123501.84;5427408.56;3
UNIMED VALE DO CARANGOLA COOPERATIVA DE TRABALHO MEDICO LTDA;MG;36011671.03;12003890.34;5252454.58;3
MAIS SAUDE S/A;ES;35975543.97;17987771.98;9030575.24;2
UNIMED DE JATAÍ COOPERATIVA DE TRABALHO MÉDICO LTDA.;GO;35832138.65;11944046.22;5402341.87;3
SOCIEDADE PORTUGUESA DE BENEFICÊNCIA;RS;35498555.13;11832851.71;5266279.70;3
COOPERATIVA DOS USUÁRIOS DE SERVIÇOS DE SAÚDE LTDA.;RS;35178256.10;11726085.37;5384024.54;3
ASSOCIAÇÃO VALEPARAIBANA DE ASSISTÊNCIA MÉDICA POLICIAL;SP;34974160.34;11658053.45;3889636.70;3
DESBAN - FUNDAÇÃO BDMG DE SEGURIDADE SOCIAL;MG;34495979.21;11498659.74;4839631.37;3
UNIODONTO DE FORTALEZA COOPERATIVA DE TRABALHO ODONTOLOGICO LTDA;CE;34494408.32;11498136.11;4888703.68;3
SANTA CASA DE MISERICÓRDIA E BENEFICÊNCIA PORTUGUESA;SP;33129026.43;11043008.81;5382744.05;3
UNIMED CAJAZEIRAS - SOCIEDADE COOPERATIVA DE TRABALHO MÉDICO;PB;32674037.79;10891345.93;4680220.32;3
UNIMED SÃO JOÃO NEPOMUCENO COOPERATIVA DE TRABALHO MÉDICO LTDA.;MG;32116558.03;10705519.34;4713624.33;3
UNIMED MACHADO COOPERATIVA DE TRABALHO MEDICO;MG;32075172.13;10691724.04;4726513.76;3
HOSPITAL DE PRONTOCLINICA LTDA.;RS;32034317.08;10678105.69;4375458.37;3
UNIODONTO REGIONAL COOPERATIVA ODONTOLOGICA;MG;31864670.96;10621556.99;4734122.55;3
UNIMED DO OESTE DA BAHIA COOPERATIVA DE TRABALHO MÉDICO;BA;30821381.49;10273793.83;4328475.67;3
VIDA TOP MAIS SAÚDE OPERADORA DE PLANOS DE SAÚDE LTDA.;SP;30551795.50;10183931.83;5219154.54;3
FUNASA SAÚDE;PB;30367580.68;10122526.89;4417575.78;3
AURORA SAÚDE LTDA;MG;30269982.01;10089994.00;5175397.13;3
ASSOCIAÇAO UNISAUDE MARAU;RS;30177843.88;10059281.29;4077477.03;3
UNIODONTO MACEIÓ COOPERATIVA ODONTOLÓGICA;AL;29921359.64;9973786.55;4279440.39;3
UNIODONTO DE SC COOPERATIVA ADMINISTRADORA DE CONTRATOS;SC;29879898.01;9959966.00;4358891.07;3
UNIODONTO PORTO ALEGRE COOPERATIVA ODONTOLOGICA LTDA;RS;29539713.22;9846571.07;4945701.50;3
UNIODONTO/RN - COOPERATIVA ODONTOLOGICA DO RIO GRANDE DO NORTE;RN;29289543.99;9763181.33;4250694.24;3
UNIODONTO GOIANIA COOPERATIVA DE CIRURGIÕES DENTISTAS;GO;29217103.79;9739034.60;4272478.64;3
TOTAL ASSISTÊNCIA MÉDICA HOSPITALAR LTDA;MG;29199042.19;9733014.06;5959342.42;3
UNIDENTIS ASSISTENCIA ODONTOLOGICA LTDA.;PB;29196064.20;9732021.40;3994265.99;3
UNIODONTO PIRACICABA - COOPERATIVA ODONTOLÓGICA;SP;28695001.43;9565000.48;4356502.72;3
SANTA CASA DE SAÚDE - SCS;ES;28537670.63;9512556.88;4605022.29;3
CARE PLUS ODONTOLOGIA ASSISTENCIAL LTDA.;SP;28447559.60;9482519.87;5999959.35;3
ASSOCIACAO POLICIAL DE ASSISTENCIA A SAUDE DE PRESIDENTE PRUDENTE (APAS);SP;27555899.83;9185299.94;4094974.56;3
RIO DOCE SAÚDE;ES;27079799.35;9026599.78;3988589.08;3
ATITUDE SAÚDE ASSISTÊNCIA MEDICA LTDA;BA;26869399.24;8956466.41;4350893.82;3
NACIONAL ODONTO OPERADORA DE PLANOS ODONTOLÓGICOS LTDA.;PE;26549343.14;8849781.05;3729066.59;3
UNIMED MORRINHOS COOPERATIVA DE TRABALHO MEDICO;GO;25994527.99;8664842.66;4132078.86;3
UNIMED CAMPO BELO- COOPERATIVA DE TRABALHO MÉDICO;MG;24872961.72;8290987.24;3411550.07;3
ASSOCIAÇÃO POLICIAL DE ASSISTÊNCIA A SAÚDE;SP;22827004.36;7609001.45;3234426.97;3
ON MED ASSISTÊNCIA MÉDICA LTDA;RS;22564558.39;7521519.46;4628703.62;3
FUNDAÇÃO PLAMHUV - PLANO MÉDICO HOSPITALAR DOS HOSPITAIS UNIDOS DE VIÇOSA;MG;22021778.01;7340592.67;3468723.94;3
R.M.I. OPERADORA DE SAÚDE INTEGRADA LTDA;SP;22021317.66;11010658.83;2404939.79;2
ODONTO EMPRESAS CONVENIOS DENTARIOS LTDA.;SP;22015664.16;7338554.72;3206373.84;3
UNIODONTO DE JOÃO PESSOA COOPERATIVA ODONTOLÓGICA;PB;21920489.07;7306829.69;2671516.87;3
UNIODONTO DO BRASIL CENTRAL NACIONAL DAS COOPERATIVAS ODONTÓLOGICAS;SP;21618581.06;7206193.69;3363979.68;3
UNIODONTO DE MANAUS - COOPERATIVA ODONTOLÓGICA LTDA.;AM;21499594.14;7166531.38;2915096.50;3
CAIXA DE ASSISTÊNCIA À SAÚDE DOS TRABALHADORES NAS INDÚSTRIAS METALÚRGICAS, MECÂNICAS E DO MATERIAL ELÉTRICO DE BRUSQUE;SC;21480416.27;7160138.76;3186239.20;3
UNIMED REGIONAL DE PICOS - COOPERATIVA DE TRABALHO MÉDICO;PI;20973384.56;6991128.19;2927612.90;3
ODONTOGROUP SISTEMA DE SAÚDE LTDA.;DF;20738109.91;6912703.30;3137400.05;3
SOCIEDADE DE ASSISTÊNCIA MÉDICA - SAMEISA;RS;20678070.35;6892690.12;2894056.34;3
SUL DO PARÁ LTDA;PA;20652958.63;6884319.54;1897107.02;3
UNIMED SOUSA - COOPERATIVA DE TRABALHO MÉDICO;PB;20159402.14;6719800.71;2563152.72;3
VIVENTERIS LTDA;PR;20093462.00;6697820.67;2725105.49;3
UNIODONTO PAULISTA-FEDERAÇÃO DAS COOPERATIVAS ODONTOLÓGICAS DO ESTADO DE SÃO PAULO;SP;20038530.09;6679510.03;2955953.26;3
ASSOCIACAO DE SAUDE HOLAMBRA;SP;19804339.03;6601446.34;3024945.04;3
CAIXA ASSISTENCIAL UNIVERSITARIA DO RIO DE JANEIRO;RJ;19716398.56;6572132.85;2667662.57;3
ASSOCIAÇÃO DOS FUNCIONÁRIOS FISCAIS DO ESTADO DO AMAZONAS - AFFEAM;AM;19492540.62;6497513.54;3422846.13;3
ANGELI SISTEMAS DE SAUDE S.A.;PR;19257623.44;6419207.81;2893022.05;3
ASSOCIAÇÃO DOS SERVIDORES MUNICIPAIS, ESTADUAIS E FEDERAIS DO RIO DE JANEIRO;RJ;18606757.95;6202252.65;2923940.87;3
UNIMED VALE DO PARAÍBA - FEDERAÇÃO INTRAFEDERATIVA DAS COOPERATIVAS MÉDICAS;SP;18509054.79;6169684.93;1900204.17;3
HOSPITAL CESAR LEITE;MG;18433410.83;6144470.28;2823096.04;3
ASSOCIAÇÃO POLICIAL DE ASSISTENCIA À SAUDE DE SAO JOAO DA BOA VISTA;SP;17438805.79;5812935.26;2537422.55;3
HOSPITAL S.P. LTDA.;RS;17254605.51;5751535.17;2299662.71;3
CONFIANÇA ASSISTÊNCIA MÉDICO HOSPITALAR LTDA;MG;17141595.19;5713865.06;2493235.79;3
ASSOCIAÇÃO BENEFICENTE CATÓLICA;MG;16828337.77;5609445.92;2372404.40;3
OPLAN SAÚDE OPERADORA DE PLANO DE SAÚDE LTDA;RJ;16823072.46;5607690.82;2557299.69;3
UNIODONTO DE AMERICANA COOPERATIVA ODONTOLÓGICA;SP;16444561.43;5481520.48;2460252.39;3
SISTEMA TOTAL DE SAÚDE LTDA.;SP;16042399.78;5347466.59;2231432.56;3
PLANO ASSISTENCIAL SÃO LUCAS LTDA;MG;15703811.71;5234603.90;2236301.13;3
PRIMA VIDA ODONTOLOGIA DE GRUPO LIMITADA;RJ;15498256.75;5166085.58;2034721.18;3
PRONTO SOCORRO CONDE DE MOREIRA LIMA;SP;15426760.37;5142253.46;2344712.76;3
PLAMESC PLANOS DE SAÚDE LTDA;RJ;14977119.50;4992373.17;2000190.42;3
AME-ASSISTÊNCIA MÉDICA A EMPRESAS LTDA;MG;14756499.16;4918833.05;1992547.40;3
FUNDO DE ASSISTÊNCIA À SAÚDE DOS FUNCIONÁRIOS DO BEC;CE;14549612.41;4849870.80;2148802.37;3
MEDIC GLOBAL PLANOS DE SAÚDE LTDA.;MG;14479551.60;4826517.20;2425026.86;3
UNIMED DE BATATAIS - COOPERATIVA DE TRABALHO MÉDICO;SP;14365604.99;4788535.00;2148592.09;3
MEDGOLD ASSISTENCIA MEDICA LTDA - ME;MG;14138316.02;4712772.01;2013986.34;3
ASSOCIACAO CIVIL PRÓ-SAÚDE DOS SERVIDORES DA UNIVERSIDADE ESTADUAL DE PONTA GROSSA;PR;13772291.10;4590763.70;2039537.26;3
ASSOCIACAO POLICIAL DE ASSISTENCIA A SAUDE DE ITAPETININGA;SP;13749839.58;4583279.86;1969759.59;3
PORTOMED - PORTO SEGURO SERVIÇOS DE SAUDE LTDA;SP;13514157.06;4504719.02;3695469.92;3
CEDPLAN SAÚDE LTDA EPP;MG;13368158.00;4456052.67;1937673.64;3
ORALE ASSISTÊNCIA ODONTOLÓGICA LTDA;BA;13352251.06;4450750.35;1824535.51;3
SANTA CASA DE MISERICÓRDIA DE TUPÃ;SP;13162549.87;4387516.62;1687261.27;3
UNIODONTO DE ARARAQUARA COOPERATIVA ODONTOLÓGICA;SP;13161364.94;4387121.65;1923090.09;3
SERVDONTO - PLANO DE ASSISTÊNCIA ODONTOLÓGICA LTDA;SE;13105521.54;4368507.18;1901492.13;3
S1 OPERADORA DE PLANO DE SAÚDE LTDA;DF;13040620.31;4346873.44;1987393.40;3
COMSEDER - COOPERATIVA DE ASSISTÊNCIA MÉDICA DOS SERVIDORES DA SUPLAN E DO DER LTDA;PB;12937593.76;4312531.25;1799663.92;3
VOCÊ TOTAL PLANOS DE SAÚDE LIMITADA;SP;12840686.41;6420343.20;1532181.44;2
ASSOCIAÇÃO UNIVIDA SANTA RITA DO PASSA QUATRO;SP;12663879.91;4221293.30;1708953.52;3
NOSAMED ASSISTÊNCIA MÉDICA LTDA.;SP;12553463.87;4184487.96;1806622.75;3
UNIODONTO DE SOROCABA COOPERATIVA ODONTOLÓGICA;SP;11876800.58;3958933.53;1760729.24;3
TELOS - FUNDAÇÃO EMBRATEL DE SEGURIDADE SOCIAL;RJ;11861210.63;3953736.88;2053108.71;3
UNIODONTO UBERABA - COOPERATIVA DE ASSISTÊNCIA À SAÚDE ODONTOLÓGICA LTDA;MG;11638219.85;3879406.62;1951296.22;3
PERSONAL CARE OPERADORA DE SAÚDE SA;SP;11577951.90;5788975.95;1099720.82;2
CAIXA BENEFICENTE DOS FUNCIONÁRIOS DO GRUPO IGUAÇU;PR;11444007.20;3814669.07;1504748.38;3
FUNDO DE ASSISTÊNCIA MÉDICO-HOSPITALAR DO MINISTÉRIO PÚBLICO;MS;10788738.64;3596246.21;1890980.40;3
DONA SAÚDE CLINICAS LTDA;SP;10390655.91;3463551.97;222560.84;3
ASSOCIAÇÃO POLICIAL DE ASSISTÊNCIA À SAÚDE DE BARRETOS;SP;10199327.13;3399775.71;1379427.82;3
CEAM BRASIL - PLANOS DE SAÚDE LTDA;MG;10193863.57;10193863.57;0.00;1
UNIODONTO DE JUNDIAÍ COOPERATIVA ODONTOLÓGICA;SP;10164785.98;3388261.99;1494381.99;3
UNIODONTO VALE HISTORICO COOPERATIVA ODONTOLOGICA;SP;9818438.74;3272812.91;1515778.39;3
ASSOCIAÇÃO POLICIAL DE ASSISTÊNCIA À SAÚDE DE PRESIDENTE VENCESLAU;SP;9814844.02;3271614.67;1373708.34;3
ASSOCIAÇÃO POLICIAL DE ASSISTÊNCIA À SAÚDE DE DRACENA;SP;9715658.10;3238552.70;1541941.47;3
PLENUM ASSISTENCIA MEDICA  LTDA;DF;9685780.09;4842890.04;1554398.54;2
ASSOCIAÇÃO DOS SERVIDORES PÚBLICOS DA ADMINISTRAÇÃO DIRETA DO GOVERNO DO ESTADO DO PARÁ - ASPARÁ;PA;9552825.16;3184275.05;1308299.11;3
CARING SAÚDE ASSISTÊNCIA MÉDICA LTDA.;RJ;9487688.25;3162562.75;1397989.80;3
ASSOCIAÇÃO SAÚDE RURAL ALEGRETE;RS;9219814.32;3073271.44;1560103.36;3
SEMPRE ODONTO PLANOS ODONTOLOGICOS LTDA;RJ;9188019.85;3062673.28;1283689.92;3
UNIODONTO DO SUL GOIANO COOPERATIVA ODONTOLOGICA;GO;9103393.15;3034464.38;1223932.12;3
COOPERATIVA ODONTOLÓGICA POÇOS DE CALDAS;MG;8894821.29;2964940.43;1192540.00;3
ODONTOART PLANOS ODONTOLÓGICOS LTDA;CE;8807625.70;2935875.23;1260849.62;3
CAIXA DE ASSISTÊNCIA DOS EMPREGADOS DO SETOR PÚBLICO DO ESTADO DE GOIÁS - CAEME;GO;8646698.54;2882232.85;1331703.21;3
PRESERVE SAUDE ASSISTENCIA MEDICA LTDA;BA;8597148.14;2865716.05;1122987.36;3
ASSOCIAÇÃO HOSPITAL SAÚDE DE VARGEM GRANDE DO SUL;SP;8465552.53;2821850.84;1083365.19;3
UNIODONTO JACAREÍ COOPERATIVA ODONTOLÓGICA;SP;8368149.55;2789383.18;1227269.72;3
UNIODONTO ESPIRITO SANTO COOPERATIVA ODONTOLOGICA;ES;8264768.21;2754922.74;1215242.09;3
UNIODONTO MARINGA COOPERATIVA ODONTOLOGICA;PR;8210641.69;2736880.56;1197156.77;3
MEDHEALTH PLANOS DE SAÚDE LTDA;PR;8010085.11;2670028.37;1083654.14;3
DENTALPAR ASSISTÊNCIA ODONTOLÓGICA EMPRESARIAL LTDA.;SP;7945314.46;2648438.15;1162783.97;3
ASSOCIACAO DOS SERVIDORES DA EMDAGRO - ASSEM;SE;7771778.41;2590592.80;1100337.51;3
ASSOCIAÇÃO POLICIAL DE ASSISTÊNCIA À SAÚDE DE JAÚ;SP;7696399.38;2565466.46;934865.52;3
SEPACO SAÚDE LTDA;SP;7607293.03;2535764.34;1137099.42;3
ASSOCIAÇÃO POLICIAL DE ASSISTÊNCIA À SAÚDE - VALE DO RIBEIRA;SP;7547536.95;2515845.65;960321.19;3
PLANO VIDA SAUDE SERVIÇOS ODONTOLOGICOS LTDA;SE;7526338.46;2508779.49;1196113.43;3
ASSOCIAÇÃO POLICIAL DE ASSISTÊNCIA À SAÚDE APAS;SP;7526202.56;2508734.19;711845.37;3
UNIODONTO DE LONDRINA COOP. ODONTOLÓGICA;PR;7397278.67;2465759.56;1082314.78;3
COOPERATIVA ODONTOLÓGICA DO ESTADO DO AMAPÁ;AP;7181263.69;2393754.56;1040895.19;3
RODRIGUES LEIRA ODONTOLOGIA LTDA.;SP;7163032.18;2387677.39;1059557.52;3
DENTAL CENTER LTDA;PB;7151462.48;2383820.83;1009777.67;3
ASSOCIAÇÃO POLICIAL DE ASSISTENCIA A SAUDE DE BOTUCATU;SP;7090575.78;2363525.26;1282247.31;3
AESP ODONTO ASSISTÊNCIA ODONTOLÓGICA S/S LTDA EPP;SP;7053734.99;2351245.00;1102090.32;3
CAMIM OPERADORA DE PLANO DE SAÚDE LTDA;RJ;6841382.25;2280460.75;921207.05;3
PLANO DE ASSISTÊNCIA MÉDICA MINEIRA LTDA;MG;6838203.42;2279401.14;1217000.31;3
UNIMED NORTE/NORDESTE-FEDERAÇÃO INTERFEDERATIVA DAS SOCIEDADES COOPERATIVAS DE TRABALHO MÉDICO EM RECUPERAÇÃO JUDICIAL;PB;6701479.03;2233826.34;890718.28;3
SAMIG - SERV. DE ASSISTENCIA MEDICA DA ILHA DO GOVERNADOR LTDA;RJ;6683049.84;2227683.28;603789.25;3
SD-M OPERADORA DE PLANOS DE SAUDE LTDA;RJ;6579997.80;2193332.60;959104.23;3
DENTAL MASTER LTDA - EPP;AL;6436806.10;2145602.03;860686.04;3
UNIODONTO DE PRESIDENTE PRUDENTE COOPERATIVA ODONTOLOGICA;SP;6419617.53;2139872.51;988912.99;3
BENEFICENCIA SOCIAL BOM SAMARITANO;MG;6255717.28;2085239.09;1026801.35;3
SANTA CASA DE MISERICÓRDIA E ASILO DOS POBRES DE BATATAIS;SP;6132821.08;2044273.69;794201.89;3
ODONT-OPERADORA ODONTOLOGICA LTDA;SP;6056431.23;2018810.41;903455.33;3
VALE PLANOS DE SAÚDE LTDA;PE;5974993.62;1991664.54;1324747.92;3
HSMED SAUDE LTDA;RJ;5819063.14;1939687.71;856049.06;3
MH VIDA - OPERADORA DE PLANOS DE SAÚDE LTDA;RJ;5756567.96;1918855.99;902703.47;3
DENTAL PLUS CONVÊNIO ODONTOLÓGICO LTDA.;SP;5464937.22;1821645.74;804448.06;3
ODONTOLIVE OPERADORA DE PLANOS ODONTOLÓGICOS LTDA.;SP;5423270.48;1807756.83;828840.63;3
DENTAL GOLD ASSISTÊNCIA ODONTOLÓGICA LTDA.;PB;5397842.31;1799280.77;722733.19;3
UNIODONTO RS FEDERACAO DAS UNIODONTOS DO RGS LTDA;RS;5205798.61;1735266.20;751757.00;3
UNIODONTO DE PINDAMONHANGABA COOP ODONTOLOGICA;SP;5185037.19;1728345.73;700086.44;3
UNIODONTO DE SERTAOZINHO SP COOPERATIVA ODONTOLOGICA;SP;5007845.03;2503922.52;575179.22;2
COOPERATIVA DE TRABALHO ODONTOLOGICO - UNIODONTO ITAJUBÁ;MG;4776336.30;1592112.10;732938.07;3
YOU ASSISTÊNCIA MÉDICA LTDA.;MG;4701165.29;4701165.29;0.00;1
ASSOCIAÇÃO DOS FISCAIS DE TRIBUTOS ESTADUAIS DO RS - AFISVEC;RS;4599453.97;1533151.32;798061.29;3
SALUSMED OPERADORA DE PLANOS DE SAUDE LTDA;SP;4560392.56;1520130.85;879168.44;3
ASSOC DE ASSIST À SAÚDE DOS SERV DAS UNIV E INST FED, EST E/OU FAC PART EM PE;PE;4518150.75;1506050.25;498330.47;3
UNIMED ALTO PARANAIBA COOPERATIVA DE TRABALHO MEDICO;MG;4443728.91;1481242.97;620555.02;3
PORTO DIAS SAUDE LTDA.;PA;4432422.66;1477474.22;720853.17;3
ÔNIX OPERADORA DE PLANOS DE SAÚDE LTDA;RJ;4134572.22;1378190.74;663843.40;3
ASSOCIAÇÃO PADRE PIO PLANOS DE SAÚDE;SP;4125857.67;1375285.89;559338.88;3
CAIXA SEGURADORA ESPECIALIZADA EM SAÚDE S/A;SP;4045129.61;1348376.54;664832.52;3
PLANO DE ASSISTÊNCIA ODONTOLÓGICA FAUCHARD LTDA. ME;BA;4026955.72;1342318.57;584881.39;3
ASSOCIAÇÃO SERVIÇOS ODONTOLÓGICOS DA INDÚSTRIA DE MINAS GERAIS - ODONTOINDUSTRIA;MG;3896791.72;1298930.57;582403.05;3
QUALICORP ADMINISTRADORA DE BENEFÍCIOS S.A.;SP;3879567.41;1939783.70;1873537.80;2
PREVENT SENIOR CORPORATE OPERADORA DE SAÚDE LTDA.;SP;3823838.36;1274612.79;449354.06;3
CENTRO DE ENDOCRINOLOGIA DE JUNDIAÍ S/S LTDA;SP;3722610.83;1240870.28;502210.65;3
HEALTH-MED SISTEMA DE SAUDE LTDA;RJ;3432498.41;1144166.14;479754.88;3
QUALIDONTO - QUALIDADE EM ODONTOLOGIA LTDA;BA;3343566.50;1114522.17;564977.70;3
ODONTO SEG OPERADORA DE PLANOS ODONTOLOGICOS S.A.;SP;3113047.63;1037682.54;378418.53;3
UNIODONTO DE MATO GROSSO COOP TRAB ODONTOLOGICO LTDA;MT;2884093.30;961364.43;410337.64;3
PD BRASIL ASSISTENCIA ODONTOLOGICA LTDA;MG;2647549.59;882516.53;460652.74;3
HOSPITAL DE CARIDADE SÃO VICENTE DE PAULO;PR;2552772.79;850924.26;46032.89;3
BLUZZ SAÚDE S/A;ES;2432983.38;810994.46;568945.51;3
SAME-SERVIÇO DE ASSISTÊNCIA MÉDICA EMPRESARIAL LTDA.;MA;2050555.54;683518.51;267403.03;3
SANTA CASA DA MISERICÓRDIA DE SÃO JOÃO DEL REI;MG;1999603.90;666534.63;254942.51;3
SISTEMA PREVSAUDE DENTAL LTDA;CE;1906012.78;635337.59;253977.74;3
ODILE SERVIÇOS DE SAÚDE LTDA.;SP;1893381.61;631127.20;268939.95;3
SORRIDEN CONVÊNIOS ODONTOLÓGICOS S.A.;SP;1820679.38;606893.13;221521.62;3
CASA DE SAÚDE NOSSA SENHORA DE FÁTIMA  LTDA.;CE;1808567.00;602855.67;264480.70;3
INNOVA PLANO DE SAUDE LTDA;RO;1723509.58;861754.79;554300.46;2
NOVODENTE S/A;RS;1671197.84;1671197.84;0.00;1
CROWN ODONTOLOGIA DE GRUPO LTDA;SP;1643257.91;547752.64;244823.20;3
INFINITY SAÚDE SUPLEMENTAR LTDA;MT;1520550.88;506850.29;297822.30;3
BRASIL ODONTO OPERADORA DE PLANOS ODONTOLÓGICOS LTDA;TO;1242569.19;414189.73;142118.65;3
PLAMEDH - PLANO DE ASSISTÊNCIA MÉDICO-HOSPITALAR LTDA;MG;968119.57;484059.78;96811.96;2
ODONTO PRIME S/S LTDA;CE;937985.75;312661.92;133059.20;3
BEMSTAR ASSISTENCIA MEDICA LTDA;BA;916748.11;305582.70;81240.52;3
EXCELÊNCIA PLANO DE SAÚDE S/A;ES;831396.27;415698.14;381330.32;2
ZURICH SANTANDER BRASIL ODONTO LTDA.;SP;800285.81;266761.94;695.43;3
ALMA ODONTO OPERADORA DE PLANOS ODONTOLOGICOS LTDA;SP;792655.56;264218.52;98969.68;3
PLANO SIGMA SAÚDE LTDA;SP;758538.00;379269.00;2814.71;2
POLIMÉDICA SAÚDE SOCIEDADE SIMPLES LTDA;RS;756570.72;252190.24;101721.13;3
G & M ASSESSORIA MEDICA EMPRESARIAL LTDA;RJ;739618.47;246539.49;110690.25;3
SAUDIA ASSISTENCIA MÉDICA LTDA;MG;698189.02;232729.67;134836.77;3
ASSISTÊNCIA MÉDICA 12 DE OUTUBRO LTDA;SP;696205.41;232068.47;115553.82;3
SMART CARE SISTEMAS MÉDICOS E ODONTOLÓGICOS LTDA.;SP;572922.10;286461.05;0.00;2
PLURAL GESTÃO EM PLANOS DE SAÚDE LTDA;RJ;478569.42;159523.14;120726.00;3
LIVRI OPERADORA DE PLANO DE SAÚDE LTDA;SP;310429.39;103476.46;40411.64;3
CLÍNICA SÃO GABRIEL S/S LTDA;SP;201170.70;67056.90;36752.42;3
SAGRADA SAÚDE ASSISTÊNCIA MÉDICA LTDA;MG;117168.13;39056.04;30801.05;3
SOCIODONTO PLANO DE ASSISTÊNCIA ODONTOLÓGICA LTDA;MG;62434.93;31217.46;25252.02;2
VITTA SAUDE ADMINISTRADORA DE BENEFICIOS LTDA.;SP;53132.41;26566.20;2207.50;2
SAUDE SALV ASSISTENCIA MEDICA LTDA;RO;35715.45;35715.45;0.00;1
UNIMED PARAIBA - FEDERAÇAO DAS SOCIEDADES COOPERATIVAS DE TRABALHO MEDICO;PB;6666.95;2222.32;1602.80;3
ARL ADMINISTRADORA DE BENEFÍCIOS LTDA.;SP;5680.00;2840.00;0.00;2
